label,Last-Modified-JST,feed_start_date,feed_end_date,feed_version,feed_publisher_name,license_name,url
(HODaP) 道南バス,2022-06-03 15:53,20220401,20230331,20220402_2022年04月02日（道南バス　22.04.1） その筋屋 1.560,道南バス株式会社,CC BY 4.0,https://ckan.hoda.jp/dataset/24d1dd70-5395-4d6b-b41f-0d83e8eabdb9/resource/a70d369c-405c-4c25-996c-c70aa53682bc/download/dounan_bus.zip
北海道拓殖バス　一般路線、コミュニティバス（音更町・新得町・清水町）,2022-08-04 17:21,20220804,20230803,20220112_2022年01月12日（★一般路線改正 仕業入り全体4.3） その筋屋 1.587,北海道拓殖バス株式会社,CC BY 4.0,https://www.takubus.com/app/download/10941479479/GTFS_regular_line.zip
北海道拓殖バス 都市間高速バス・帯広空港連絡バス,2022-06-27 11:53,20220701,20230630,20220701_2022年07月01日（都市間バス改正） その筋屋 1.585,北海道拓殖バス株式会社,CC BY 4.0,https://www.takubus.com/app/download/11027959279/GTFS_highway_line.zip
(HODaP) 北海道拓殖バス,2022-02-04 17:29,20220113,20230112,20211210_2021年12月10日（★一般路線改正 仕業入り全体4.3） その筋屋 1.550,北海道拓殖バス株式会社,CC BY 4.0,https://ckan.hoda.jp/dataset/24d1dd70-5395-4d6b-b41f-0d83e8eabdb9/resource/3870b272-dabb-4527-9d51-67afc2c9a2d5/download/takushoku_bus.zip
(HODaP) 十勝バス,2021-11-24 16:09,20211121,20221120,20211121_2021年11月21日（ダイヤ改正　十勝バス 最新版） その筋屋 1.537,十勝バス株式会社 ,CC BY 4.0,https://ckan.hoda.jp/dataset/24d1dd70-5395-4d6b-b41f-0d83e8eabdb9/resource/9ad9de7f-73a9-4695-858f-c09cdf13437a/download/tokachi_bus.zip
(HODaP) 網走バス,2022-06-03 15:30,20220601,20220630,20220601,網走バス株式会社,CC BY 4.0,https://ckan.hoda.jp/dataset/24d1dd70-5395-4d6b-b41f-0d83e8eabdb9/resource/c84abf64-f7ba-4d22-8cc1-acac7adbdc6f/download/abashiri_bus.zip
網走バス,2022-08-18 14:49,20220801,20220831,20220801,網走バス株式会社,CC BY 4.0,https://www.abashiribus.com/open_data/gtfs_abashiribus_current_data.zip
網走観光交通バス,2019-11-25 13:32,20190501,20200501,2019v01,網走観光交通株式会社,CC BY 4.0,http://www.abashiri-kk.com/wp/wp-content/uploads/2019/11/abashirikankokotu.zip
北海道北見バス　一般路線,,20220901,20221130,20220401_2022年04月01日（20220401改正 夏ダイヤGoogle maps掲載用） その筋屋 1.595,北海道北見バス株式会社,CC BY 4.0,https://drive.google.com/uc?export=view&id=13MQ00Oq6pJgHpB2jz5nG1iay0fEyXpAj
北海道北見バス　女満別空港線,,20220415,20221130,20220415_2022年04月15日（女満別空港線オープンデータ用） その筋屋 1.575,北海道北見バス株式会社,CC BY 4.0,https://drive.google.com/uc?export=view&id=1Pekt6M8SaXCS4iX8Q8u-Q6pRBbKyeqqU
(HODaP) 北海道北見バス,2022-02-04 17:28,20211201,20220331,20211201_2021年12月01日（20211201改正 冬ダイヤ編集温根湯変更） その筋屋 1.540,北海道北見バス株式会社,CC BY 4.0,https://ckan.hoda.jp/dataset/24d1dd70-5395-4d6b-b41f-0d83e8eabdb9/resource/ae0e85ab-b317-4acd-b982-2ceda019309f/download/kitami_bus.zip
阿寒バス　一般路線,2022-04-28 14:01,20220423,20230422,20220419_2022年04月19日（復旧） その筋屋 1.552,阿寒バス株式会社,CC BY 4.0,http://www.akanbus.co.jp/gtfs/GTFS-JP-akanbus.zip
(HODaP) 阿寒バス,2022-05-19 09:42,20220423,20230422,20220419_2022年04月19日（復旧） その筋屋 1.552,阿寒バス株式会社,CC BY 4.0,https://ckan.hoda.jp/dataset/24d1dd70-5395-4d6b-b41f-0d83e8eabdb9/resource/e3bb6e27-d2bb-4925-a42c-adb5f49bb924/download/akan_bus.zip
函館市電,2022-08-22 17:27,20220822,20230821,20220604_2022年06月04日（港まつり200円均一） その筋屋 1.588,函館市企業局,CC BY 2.1,https://www.city.hakodate.hokkaido.jp/docs/2020052700015/files/GTFS-JP.zip
(HODaP) 旭川電気軌道,2022-06-03 16:07,,,,旭川電気軌道,CC BY 4.0,https://ckan.hoda.jp/dataset/24d1dd70-5395-4d6b-b41f-0d83e8eabdb9/resource/41ea2ac6-c6e4-47b2-9c1c-b482feaee17c/download/asahikawa_denki.zip
［HODaP］ あつまバス,2022-09-02 16:07,20220901,20230228,2.0,ジョルダン株式会社,CC BY 4.0,https://ckan.hoda.jp/dataset/24d1dd70-5395-4d6b-b41f-0d83e8eabdb9/resource/40e699d6-03c7-4191-b328-5e9c13841ab2/download/atsuma_bus.zip
［HODaP］ 札幌ばんけい,2022-09-02 16:07,20220901,20230228,2.0,ジョルダン株式会社,CC BY 4.0,https://ckan.hoda.jp/dataset/24d1dd70-5395-4d6b-b41f-0d83e8eabdb9/resource/889906b8-eb1a-41c3-a7b3-75cd69aa891f/download/bankei_bus.zip
［HODaP］ 沿岸バス,2022-09-02 16:07,20220901,20230228,2.0,ジョルダン株式会社,CC BY 4.0,https://ckan.hoda.jp/dataset/24d1dd70-5395-4d6b-b41f-0d83e8eabdb9/resource/0dd30c37-4d45-4a23-8f86-12b74f6e65e1/download/engan_bus.zip
(HODaP) 恵庭市コミュニティ,2021-12-01 14:37,20211115,20220331,2021年4月1日,恵庭市,CC BY 4.0,https://ckan.hoda.jp/dataset/24d1dd70-5395-4d6b-b41f-0d83e8eabdb9/resource/5f05a49e-1bf0-4de3-918e-de6a1c6255b8/download/gtfs_eniwashi_com.zip
(HODaP) ふらのバス,2022-05-18 17:15,20220401,20221231,202204211514,ふらのバス　株式会社,CC BY 4.0,https://ckan.hoda.jp/dataset/24d1dd70-5395-4d6b-b41f-0d83e8eabdb9/resource/3623aa5b-7d0b-4621-a3c8-b09e55863d27/download/gtfs-2.zip
［HODaP］ 羽幌町コミュニティ,2022-09-02 16:07,20220901,20230228,2.0,ジョルダン株式会社,CC BY 4.0,https://ckan.hoda.jp/dataset/24d1dd70-5395-4d6b-b41f-0d83e8eabdb9/resource/635cdd26-246c-4bd7-a095-6705c1eebb91/download/haborocho_com.zip
［HODaP］ 北海道中央バス,2022-09-02 16:07,20220901,20230228,2.0,ジョルダン株式会社,CC BY 4.0,https://ckan.hoda.jp/dataset/24d1dd70-5395-4d6b-b41f-0d83e8eabdb9/resource/dbadfccc-670e-49b9-be77-c3f346ee3160/download/hokkaido_chuo.zip
［HODaP］ じょうてつ,2022-09-02 16:07,20220901,20230228,2.0,ジョルダン株式会社,CC BY 4.0,https://ckan.hoda.jp/dataset/24d1dd70-5395-4d6b-b41f-0d83e8eabdb9/resource/fef98fef-6fe2-472f-bde3-9d4f0a509a4a/download/joutetsu.zip
［HODaP］ くしろバス,2022-09-02 16:07,20220901,20230228,2.0,ジョルダン株式会社,CC BY 4.0,https://ckan.hoda.jp/dataset/24d1dd70-5395-4d6b-b41f-0d83e8eabdb9/resource/dd2557d2-39f9-4e03-8703-117c64eaabe2/download/kushiro_bus.zip
［HODaP］ 名士バス,2022-09-02 16:07,20220901,20230228,2.0,ジョルダン株式会社,CC BY 4.0,https://ckan.hoda.jp/dataset/24d1dd70-5395-4d6b-b41f-0d83e8eabdb9/resource/4bddd9a6-5edf-4887-82aa-b61cb93afc9e/download/meishi_bus.zip
［HODaP］ 芽室町コミュニティ,2022-09-02 16:07,20220901,20230228,2.0,ジョルダン株式会社,CC BY 4.0,https://ckan.hoda.jp/dataset/24d1dd70-5395-4d6b-b41f-0d83e8eabdb9/resource/2a15bf71-a472-4e7b-9722-1e304ba8e400/download/memurocho_com.zip
［HODaP］ 奈井江町コミュニティ,2022-09-02 16:08,20220901,20230228,2.0,ジョルダン株式会社,CC BY 4.0,https://ckan.hoda.jp/dataset/24d1dd70-5395-4d6b-b41f-0d83e8eabdb9/resource/af325038-7d05-485d-9b71-85c19a3d96e7/download/naiecho_com.zip
［HODaP］ 中標津町コミュニティ,2022-09-02 16:08,20220901,20230228,2.0,ジョルダン株式会社,CC BY 4.0,https://ckan.hoda.jp/dataset/24d1dd70-5395-4d6b-b41f-0d83e8eabdb9/resource/75e1e2db-ab48-4dfb-9514-1ebbc898791a/download/nakashibetsucho_com.zip
［HODaP］ 名寄市コミュニティ,2022-09-02 16:08,20220901,20230228,2.0,ジョルダン株式会社,CC BY 4.0,https://ckan.hoda.jp/dataset/24d1dd70-5395-4d6b-b41f-0d83e8eabdb9/resource/4abe45b3-7390-4d7d-8bf1-e8c7230ab962/download/nayoroshi_com.zip
［HODaP］ 斜里町コミュニティ,2022-09-02 16:07,20220901,20230228,2.0,ジョルダン株式会社,CC BY 4.0,https://ckan.hoda.jp/dataset/24d1dd70-5395-4d6b-b41f-0d83e8eabdb9/resource/e59d88f1-2236-41bb-ba8c-75fd4754af1a/download/sharicho_com.zip
［HODaP］ 士幌町コミュニティ,2022-09-02 16:08,20220901,20230228,2.0,ジョルダン株式会社,CC BY 4.0,https://ckan.hoda.jp/dataset/24d1dd70-5395-4d6b-b41f-0d83e8eabdb9/resource/3c8f82fe-c997-45c8-9307-c904b206a450/download/shihorocho_com.zip
［HODaP］ 空知中央バス,2022-09-02 16:07,20220901,20230228,2.0,ジョルダン株式会社,CC BY 4.0,https://ckan.hoda.jp/dataset/24d1dd70-5395-4d6b-b41f-0d83e8eabdb9/resource/671debb1-44c5-4dea-99eb-be693911c50c/download/sorachi_chuo_bus.zip
［HODaP］ 斜里バス,2022-09-02 16:08,20220901,20230228,2.0,ジョルダン株式会社,CC BY 4.0,https://ckan.hoda.jp/dataset/24d1dd70-5395-4d6b-b41f-0d83e8eabdb9/resource/d93cb12c-390f-4215-891d-c250db8f26d0/download/syari_bus.zip
［HODaP］ 当別町コミュニティ,2022-09-02 16:07,20220901,20230228,2.0,ジョルダン株式会社,CC BY 4.0,https://ckan.hoda.jp/dataset/24d1dd70-5395-4d6b-b41f-0d83e8eabdb9/resource/a3603010-da90-4228-8095-a42a31adf855/download/tobetsucho_com.zip
［HODaP］ 夕鉄バス,2022-09-02 16:08,20220901,20230228,2.0,ジョルダン株式会社,CC BY 4.0,https://ckan.hoda.jp/dataset/24d1dd70-5395-4d6b-b41f-0d83e8eabdb9/resource/594c9dd3-d356-4445-98e2-c480d49c9d65/download/yutetsu_bus.zip
［HODaP］ 深川市コミュニティ,2022-09-02 16:07,20220901,20230228,2.0,ジョルダン株式会社,CC BY 4.0,https://ckan.hoda.jp/dataset/24d1dd70-5395-4d6b-b41f-0d83e8eabdb9/resource/2d439886-69ec-4bf9-9a12-9ee4014e3f3c/download/fukagawashi_com.zip
［HODaP］ 三笠市コミュニティ,2022-09-02 16:08,20220901,20230228,2.0,ジョルダン株式会社,CC BY 4.0,https://ckan.hoda.jp/dataset/24d1dd70-5395-4d6b-b41f-0d83e8eabdb9/resource/b529697a-82c2-4f78-b6b1-19fce6c9c3dc/download/mikasashi_com.zip
(HODaP) ハートランドフェリー,2020-04-17 20:46,20200301,20200731,2.0,ハートランドフェリー,CC BY 4.0,https://ckan.hoda.jp/dataset/24d1dd70-5395-4d6b-b41f-0d83e8eabdb9/resource/677e45d0-45d1-4eaf-a679-319cdbfaa89e/download/heart-land-ferry.zip
(HODaP) 羽幌沿海フェリー,2020-04-17 20:44,20200301,20200731,2.0,羽幌沿海フェリー株式会社,CC BY 4.0,https://ckan.hoda.jp/dataset/24d1dd70-5395-4d6b-b41f-0d83e8eabdb9/resource/b1535cdf-9798-4990-afe2-5c5c5bcdfdfa/download/haboro-enkai-ferry.zip
(HODaP) 道北バス,2022-05-18 17:14,20220401,20221231,202205161117,道北バス株式会社,CC BY 4.0,https://ckan.hoda.jp/dataset/24d1dd70-5395-4d6b-b41f-0d83e8eabdb9/resource/a89a7707-f346-45e7-8f98-0da0f3332531/download/gtfs.zip
［HODaP］ 北紋バス,2022-09-02 16:07,20220901,20230228,2.0,ジョルダン株式会社,CC BY 4.0,https://ckan.hoda.jp/dataset/24d1dd70-5395-4d6b-b41f-0d83e8eabdb9/resource/226fe0ae-79af-4971-b15f-332770cdc9c1/download/hokumon_bus.zip
［HODaP］ 宗谷バス,2022-09-02 16:08,20220901,20230228,2.0,ジョルダン株式会社,CC BY 4.0,https://ckan.hoda.jp/dataset/24d1dd70-5395-4d6b-b41f-0d83e8eabdb9/resource/04e3efd7-29fd-4295-ab8d-d27933f94bbc/download/soya_bus.zip
［HODaP］ 北見市コミュニティ,2022-09-02 16:07,20220901,20230228,2.0,ジョルダン株式会社,CC BY 4.0,https://ckan.hoda.jp/dataset/24d1dd70-5395-4d6b-b41f-0d83e8eabdb9/resource/d4ecb0d3-4b28-4fff-897f-f56979e9b5c9/download/kitamishi_com.zip
［HODaP］ 蘭越町コミュニティ,2022-09-02 16:07,20220901,20230228,2.0,ジョルダン株式会社,CC BY 4.0,https://ckan.hoda.jp/dataset/24d1dd70-5395-4d6b-b41f-0d83e8eabdb9/resource/595f0db5-9e55-43a5-8b85-74c3edcd7da7/download/rankoshicho_com.zip
［HODaP］ 岩内町コミュニティ,2022-09-02 16:07,20220901,20230228,2.0,ジョルダン株式会社,CC BY 4.0,https://ckan.hoda.jp/dataset/24d1dd70-5395-4d6b-b41f-0d83e8eabdb9/resource/a3be17ab-40ab-4b7d-9051-03562baf2ed4/download/iwanaicho_com.zip
［HODaP］ 白老町コミュニティ,2022-09-02 16:08,20220901,20230228,2.0,ジョルダン株式会社,CC BY 4.0,https://ckan.hoda.jp/dataset/24d1dd70-5395-4d6b-b41f-0d83e8eabdb9/resource/120a024f-c2b5-4183-aa90-802398e010fd/download/shiraoicho_com.zip
［HODaP］ 白糠町コミュニティ,2022-09-02 16:08,20220901,20230228,2.0,ジョルダン株式会社,CC BY 4.0,https://ckan.hoda.jp/dataset/24d1dd70-5395-4d6b-b41f-0d83e8eabdb9/resource/f4f6deb3-e9ad-469e-aa39-38279bdbfeb0/download/shiranukacho_com.zip
［HODaP］ 豊浦町コミュニティ,2022-09-02 16:08,20220901,20230228,2.0,ジョルダン株式会社,CC BY 4.0,https://ckan.hoda.jp/dataset/24d1dd70-5395-4d6b-b41f-0d83e8eabdb9/resource/c9fe757b-0756-424b-a8da-e3438798dd55/download/toyouracho_com.zip
［HODaP］ 長沼町コミュニティ,2021-11-04 18:40,20211101,20220430,2.0,ジョルダン株式会社,CC BY 4.0,https://ckan.hoda.jp/dataset/24d1dd70-5395-4d6b-b41f-0d83e8eabdb9/resource/16e0d070-789e-41ae-bc2a-0d0f7f63c80f/download/naganumacho_com.zip
［HODaP］ 興部町コミュニティ,2022-09-02 16:07,20220901,20230228,2.0,ジョルダン株式会社,CC BY 4.0,https://ckan.hoda.jp/dataset/24d1dd70-5395-4d6b-b41f-0d83e8eabdb9/resource/9f741a86-60e2-42b2-89d8-384be8bf50ba/download/okoppecho_com.zip
［HODaP］ 大樹町コミュニティ,2022-09-02 16:07,20220901,20230228,2.0,ジョルダン株式会社,CC BY 4.0,https://ckan.hoda.jp/dataset/24d1dd70-5395-4d6b-b41f-0d83e8eabdb9/resource/aa50ca49-dc3b-4c34-89ca-79749aeaaa21/download/taikicho_com.zip
［HODaP］ 上川町コミュニティ,2022-09-02 16:07,20220901,20230228,2.0,ジョルダン株式会社,CC BY 4.0,https://ckan.hoda.jp/dataset/24d1dd70-5395-4d6b-b41f-0d83e8eabdb9/resource/59c9f350-2419-46ce-9bab-4e86e21f396b/download/hokkaido_kamikawacho_com.zip
［HODaP］ 幕別町コミュニティ,2022-09-02 16:07,20220901,20230228,2.0,ジョルダン株式会社,CC BY 4.0,https://ckan.hoda.jp/dataset/24d1dd70-5395-4d6b-b41f-0d83e8eabdb9/resource/95c715ca-21de-4206-a345-b781e0952dd0/download/makubetsucho_com.zip
［HODaP］ 音更町コミュニティ,2022-09-02 16:07,20220901,20230228,2.0,ジョルダン株式会社,CC BY 4.0,https://ckan.hoda.jp/dataset/24d1dd70-5395-4d6b-b41f-0d83e8eabdb9/resource/2d430e06-7e0b-4ef7-86f3-64ccb709d270/download/otofukecho_com.zip
［HODaP］ ひがし北海道エクスプレスバス,2022-03-24 15:55,20220301,20220831,2.0,ジョルダン株式会社,CC BY 4.0,https://ckan.hoda.jp/dataset/24d1dd70-5395-4d6b-b41f-0d83e8eabdb9/resource/4215a2dd-3491-4005-bf66-10fda633d1af/download/easthokkaido_expressbus.zip
［HODaP］ 高速バス（北海道内）,2022-09-02 16:07,20220901,20230228,2.0,ジョルダン株式会社,CC BY 4.0,https://ckan.hoda.jp/dataset/24d1dd70-5395-4d6b-b41f-0d83e8eabdb9/resource/ccfd2358-c804-4cfe-b4fe-278c3f035c64/download/hokkaido-express_bus.zip
［HODaP］ ニセコバス,2022-09-02 16:08,20220901,20230228,2.0,ジョルダン株式会社,CC BY 4.0,https://ckan.hoda.jp/dataset/24d1dd70-5395-4d6b-b41f-0d83e8eabdb9/resource/c46f9cd8-4c92-42eb-89a5-26e3fabb1dce/download/niseko_bus.zip
［HODaP］ おびうん観光,2022-09-02 16:08,20220901,20230228,2.0,ジョルダン株式会社,CC BY 4.0,https://ckan.hoda.jp/dataset/24d1dd70-5395-4d6b-b41f-0d83e8eabdb9/resource/edc6b615-7308-4bd0-bfe4-6b3a510f9fc0/download/obiun-kanko.zip
［HODaP］ 空知交通,2022-09-02 16:08,20220901,20230228,2.0,ジョルダン株式会社,CC BY 4.0,https://ckan.hoda.jp/dataset/24d1dd70-5395-4d6b-b41f-0d83e8eabdb9/resource/9a28fbf9-69fe-4a5c-8d26-b12fc2440074/download/sorachi_kotsu.zip
［HODaP］ 倶知安町コミュニティ,2022-09-02 16:07,20220901,20230228,2.0,ジョルダン株式会社,CC BY 4.0,https://ckan.hoda.jp/dataset/24d1dd70-5395-4d6b-b41f-0d83e8eabdb9/resource/bd408ce3-8910-48bc-bf4c-1135cac7070a/download/kutchancho_com.zip
［HODaP］ 安平町コミュニティ,2022-09-02 16:07,20220901,20230228,2.0,ジョルダン株式会社,CC BY 4.0,https://ckan.hoda.jp/dataset/24d1dd70-5395-4d6b-b41f-0d83e8eabdb9/resource/7f011237-1284-4063-8c55-ba4945031793/download/abiracho_com.zip
［HODaP］ 遠軽町コミュニティ,2022-09-02 16:07,20220901,20230228,2.0,ジョルダン株式会社,CC BY 4.0,https://ckan.hoda.jp/dataset/24d1dd70-5395-4d6b-b41f-0d83e8eabdb9/resource/cc6d76a4-3576-480e-a073-ef1bfa62eafa/download/engarucho_com.zip
［HODaP］ 北海道バス,2022-09-02 16:07,20220901,20230228,2.0,ジョルダン株式会社,CC BY 4.0,https://ckan.hoda.jp/dataset/24d1dd70-5395-4d6b-b41f-0d83e8eabdb9/resource/19e47509-3dac-4607-a595-61447226fa3b/download/hokkaido_bus.zip
［HODaP］ 下川町コミュニティ,2022-09-02 16:08,20220901,20230228,2.0,ジョルダン株式会社,CC BY 4.0,https://ckan.hoda.jp/dataset/24d1dd70-5395-4d6b-b41f-0d83e8eabdb9/resource/fc98f52c-5dd9-4c55-b089-288eeba92044/download/shimokawacho_com.zip
［HODaP］ 別海町コミュニティ,2022-09-02 16:07,20220901,20230228,2.0,ジョルダン株式会社,CC BY 4.0,https://ckan.hoda.jp/dataset/24d1dd70-5395-4d6b-b41f-0d83e8eabdb9/resource/469a1a00-020d-49f7-b5c1-e52dc9a6961e/download/betsukaicho_com.zip
［HODaP］ 喜茂別町コミュニティ,2022-09-02 16:07,20220901,20230228,2.0,ジョルダン株式会社,CC BY 4.0,https://ckan.hoda.jp/dataset/24d1dd70-5395-4d6b-b41f-0d83e8eabdb9/resource/7727a55e-856d-4a49-aaa4-4ae4a605ba47/download/kimobetsucho_com.zip
［HODaP］ 月形町コミュニティ,2022-09-02 16:07,20220901,20230228,2.0,ジョルダン株式会社,CC BY 4.0,https://ckan.hoda.jp/dataset/24d1dd70-5395-4d6b-b41f-0d83e8eabdb9/resource/d5e7795d-6c36-4468-ac2c-245e7f3378e1/download/tsukigatacho_com.zip
［HODaP］ 佐呂間町コミュニティ,2022-09-02 16:08,20220901,20230228,2.0,ジョルダン株式会社,CC BY 4.0,https://ckan.hoda.jp/dataset/24d1dd70-5395-4d6b-b41f-0d83e8eabdb9/resource/be66e348-db27-423f-8668-8b90b828c871/download/saromacho_com.zip
(HODaP) 青函フェリー,2021-03-23 13:12,20200201,20200531,2.0,青函フェリー,CC BY 4.0,https://ckan.hoda.jp/dataset/24d1dd70-5395-4d6b-b41f-0d83e8eabdb9/resource/16a31295-1709-4e5e-abcf-fa17ae7853b7/download/seikan_ferry.zip
(HODaP) 千歳相互観光バス,2022-07-12 15:00,20220401,20221231,202203312344,千歳相互観光バス株式会社,CC BY 4.0,https://ckan.hoda.jp/dataset/24d1dd70-5395-4d6b-b41f-0d83e8eabdb9/resource/a0b5a3ab-5207-4974-94aa-7886afb138fc/download/gtfs.zip
青森市営バス,2022-08-01 08:00,20220801,20230731,20220812_2022年08月12日（2022.03.22改正　夏ダイヤ＋お盆臨時） その筋屋 1.588,青森市企業局交通部,CC BY 4.0,https://www.city.aomori.aomori.jp/kotsu-kanri/koutsu/oshirase/documents/gtfs-aomoricitybus.zip
青森市市バス,2022-04-01 01:05,20220401,20230331,20220401_2022年04月01日（青森市市バス） その筋屋 1.445,青森市都市整備部都市政策課,CC BY 4.0,https://www.city.aomori.aomori.jp/toshi-seisaku/opendata/documents/shibus_current.zip
あおもりシャトルdeルートバス（ねぶたん号）,2022-04-01 01:05,20220401,20230331,20220401_2022年04月01日（R4ねぶたん号） その筋屋 1.445,青森市都市整備部都市政策課,CC BY 4.0,https://www.city.aomori.aomori.jp/toshi-seisaku/opendata/documents/nebutango_current.zip
浪岡地区コミュニティバス,2022-04-07 11:00,20220401,20230331,20220401_2022年04月01日（Ｒ４浪岡地区コミュニティバス） その筋屋 1.445,青森市浪岡振興部総務課,CC BY 4.0,https://www.city.aomori.aomori.jp/n-somu/documents/namioka_current.zip
外ヶ浜町営バス,2022-05-18 02:05,20220312,20230311,20220312_SB001,外ヶ浜町,CC BY 4.0,http://www.town.sotogahama.lg.jp/gyosei/jouhou/files/sotogahama_bus_gtfs.zip
階上町コミュニティバス,,,,,,CC 0,https://opendata.pref.aomori.lg.jp/dataset/1596/resource/16700/gtfs_hashikamicho_com.zip
西和賀町 町民バス,,20220401,20221206,20220401_20220904,西和賀町,CC BY 4.0,https://mc.bus-vision.jp/gtfs/nishiwaga/gtfsFeed
仙台市　宮城野区燕沢地区「のりあい・つばめ」,2022-04-01 00:45,20220308,20230307,20210401_2021年04月01日（★のりあいつばめ）,仙台市公共交通推進課,CC BY 2.1,http://www.city.sendai.jp/kokyo/documents/gtfstubame.zip
仙台市営バス,2022-04-11 08:00,20220401,20230331,20220401,仙台市交通局,CC BY 2.1,http://www.city.sendai.jp/joho-kikaku/shise/security/kokai/documents/gtfs-jp_sendaicitybus_current_data.zip
タケヤ交通　路線定期バス,2022-07-29 22:14,20220801,20221130,2022-2022年07月29日 11時59分15秒-西沢ツールver8.18,株式会社タケヤ交通,CC BY 4.0,http://www.takeyakoutu.jp/assets/gtfs-hokan-takeyakotsu.zip
秋田市マイタウン・バス、中心市街地循環バス（ぐるる）（県バス協会掲載版）,2021-12-08 18:57,20211001,20220930,20211001_2021年10月01日（秋田市マイタウン・バス、循環バスぐるる） その筋屋 1.533,秋田市,CC BY 4.0,https://www.akita-bus.or.jp/gtfs_jp/bus-akitacity.zip
仙北市　市民バス（たっこちゃんバス・スマイルバス）,2021-12-25 22:57,20211216,20220331,2021/01/04改正,秋田県仙北市,CC BY 4.0,https://www.akita-bus.or.jp/~akita-gtfs/bus-city-semboku.zip
にかほ市コミュニティバス,2022-06-28 12:05,20220701,20230331,ver2,新潟通信機株式会社,CC BY 4.0,https://www.akita-bus.or.jp/~akita-gtfs/bus-nikaho-akita-jp.zip
男鹿市内路線バス,2022-03-12 21:53,20220421,20230420,20220421_2022年04月21日（改正） その筋屋 1.533,男鹿市,CC BY 4.0,https://www.akita-bus.or.jp/~akita-gtfs/bus-ogacity.zip
能代市　二ツ井コミュニティバス・予約制乗合タクシー「コサクル」,2022-03-21 03:00,20220401,20230331,20220401_2022年04月01日（能代市_路線データ GTSF-JP） その筋屋 1.571,能代市,CC BY 4.0,https://www.akita-bus.or.jp/~akita-gtfs/bus-noshirocity.zip
横手市循環バス・自家用有償旅客運送・乗合タクシー・平鹿ふれあいバス・大森シャトルバス,2022-04-04 10:39,20220303,20230331,2021/04/01改正-見える化ver2.6,秋田県横手市,CC BY 4.0,https://www.akita-bus.or.jp/~akita-gtfs/bus-yokotecity.zip
湯沢市乗合タクシー,2022-03-30 19:04,20220401,20230331,2022/04/01改正,湯沢市,CC BY 4.0,https://www.akita-bus.or.jp/~akita-gtfs/bus-city-yuzawa01.zip
湯沢市　こまちシャトル,2022-03-30 19:04,20220401,20230331,2022/04/01改正,湯沢市,CC BY 4.0,https://www.akita-bus.or.jp/~akita-gtfs/bus-city-yuzawa02-komachi.zip
潟上市マイタウンバス,2022-05-06 14:25,20220506,20230331,2022/04/01改正-見える化ver2.6,潟上市,CC BY 4.0,https://www.akita-bus.or.jp/~akita-gtfs/bus-katagamicity.zip
南秋地域広域マイタウンバス,2022-03-24 17:13,20220312,20230331,20210312_2021年03月12日（【220324】南秋地域広域マイタウンバス R3.3.12～） その筋屋 1.552,南秋地域公共交通活性化協議会,CC BY 4.0,https://www.akita-bus.or.jp/~akita-gtfs/bus-nansyu.zip
井川町　町内巡回バス,2022-03-04 14:48,20220304,20230303,2020/07/01改正-見える化ver2.6,井川町,CC BY 4.0,https://www.akita-bus.or.jp/~akita-gtfs/bus-ikawatown.zip
由利本荘市コミュニティバス,2022-05-06 11:48,20220401,20230331,2022/04/01改正-見える化ver2.6,由利本荘市,CC BY 4.0,https://www.akita-bus.or.jp/~akita-gtfs/bus-yurihonjyocity.zip
秋田中央交通,2022-08-31 08:56,20220901,20230831,20220901_2022年09月01日（秋田中央交通　AIU改正） その筋屋 1.571,秋田中央交通,CC BY 4.0,https://www.akita-bus.or.jp/~akita-gtfs/bus-akitachuoukotsu.zip
酒田市　るんるんバス（県サイト）,2022-07-11 16:30,20220801,20250731,20220801-2022年06月27日 17時30分05秒-西沢ツールver8.05,酒田市,CC BY 4.0,https://www.pref.yamagata.jp/documents/20978/sakata_gtfs.zip
大江町営バス,2021-12-21 17:15,20211220,20221219,2020/04/01改正,大江町,CC BY 4.0,https://www.pref.yamagata.jp/documents/20978/oe_gtfs.zip
鶴岡市　羽黒地域市営バス、朝日地域市営バス,2022-07-11 16:30,20220708,20230531,2022/06/01改正,鶴岡市,CC BY 4.0,https://www.pref.yamagata.jp/documents/20978/tsuruoka_gtfs.zip
山形市　ベニちゃんバス、コミュニティバス高瀬線、地域交流バス南部線,2022-03-22 16:45,20220401,20230401,2022/04/01改正-見える化ver2.6,山形市,CC BY 4.0,https://www.pref.yamagata.jp/documents/20978/yamagata_gtfs.zip
東根市　市民バス,2022-03-08 17:00,20220401,20230331,2022/04/01改正-見える化ver2.6,東根市,CC BY 4.0,https://www.pref.yamagata.jp/documents/20978/higashine_gtfs.zip
河北町路線バス,2022-08-16 13:15,20220901,20221130,2022/04/01改正-見える化ver2.6d,河北町,CC BY 4.0,https://www.pref.yamagata.jp/documents/20978/kahoku_gtfs.zip
南陽市　市内循環バス,2022-08-16 13:15,20220801,20230731,2022/08/01改正-見える化ver2.6d,南陽市,CC BY 4.0,https://www.pref.yamagata.jp/documents/20978/nanyo_gtfs.zip
大蔵町　肘折ゆけむりライン,2022-01-04 15:15,20220101,20221231,2022/01/01改正-見える化ver2.6,大蔵村,CC BY 4.0,https://www.pref.yamagata.jp/documents/20978/ohkura_gtfs.zip
鮭川村村営バス,2022-03-28 16:45,20220401,20230401,2022/04/01改正-見える化ver2.6,鮭川村,CC BY 4.0,https://www.pref.yamagata.jp/documents/20978/sakegawa_gtfs.zip
金山町町営バス,2022-05-27 17:00,20220527,20230526,2022/05/09改正-見える化ver2.6,金山町,CC BY 4.0,https://www.pref.yamagata.jp/documents/20978/kaneyama_gtfs.zip
山辺町　やまのべコミュニティバス,2021-10-12 17:31,20211007,20221006,2021/04/01改正,山辺町,CC BY 4.0,https://www.pref.yamagata.jp/documents/20978/yamanobe_gtfs.zip
上山市営バス,2022-08-26 13:45,20220816,20230815,2021/04/01改正-見える化ver2.6d,上山市,CC BY 4.0,https://www.pref.yamagata.jp/documents/20978/kaminoyama_gtfs.zip
真室川町路線バス,2022-03-08 17:00,20220312,20230331,2022/03/12改正,真室川町,CC BY 4.0,https://www.pref.yamagata.jp/documents/20978/mamurogawa_gtfs.zip
村山市　市営バス,2022-03-28 16:45,20220401,20230331,2022/04/01改正,村山市,CC BY 4.0,https://www.pref.yamagata.jp/documents/20978/murayama_gtfs.zip
長井市営バス,2022-03-28 16:45,20220323,20230322,2021/10/01改正,長井市,CC BY 4.0,https://www.pref.yamagata.jp/documents/20978/nagai_gtfs.zip
新庄市　市営バス,2022-03-08 17:00,20220304,20230303,2022/03/01改正-見える化ver2.6,新庄市,CC BY 4.0,https://www.pref.yamagata.jp/documents/20978/shinjo_gtfs.zip
庄内町　町営バス,2021-12-01 12:00,20211122,20221121,2021/09/01改正,庄内町,CC BY 4.0,https://www.pref.yamagata.jp/documents/20978/shonai_gtfs.zip
寒河江市内循環バス「スマイル号」,2022-08-26 13:45,20220824,20230823,2021/04/01改正,寒河江市,CC BY 4.0,https://www.pref.yamagata.jp/documents/20978/sagae_gtfs.zip
天童市　市営バス,2022-08-16 13:15,20220906,20230905,2022/09/06改正-見える化ver2.6d,天童市,CC BY 4.0,https://www.pref.yamagata.jp/documents/20978/tendo_gtfs.zip
尾花沢市路線バス,2021-11-19 17:15,20211116,20221115,2021/04/01改正,尾花沢市,CC BY 4.0,https://www.pref.yamagata.jp/documents/20978/obanazawa_gtfs.zip
中山町　町営バス,2022-03-22 16:45,20220401,20230331,2022/04/01改正-見える化ver2.6,中山町,CC BY 4.0,https://www.pref.yamagata.jp/documents/20978/nakayama_gtfs.zip
小国町営バス,2022-03-08 17:00,20220401,20230331,2022/04/01改正-見える化ver2.6,小国町,CC BY 4.0,https://www.pref.yamagata.jp/documents/20978/oguni_gtfs.zip
白鷹町　町営バス,2022-03-22 16:45,20220401,20230331,2022/04/01改正-見える化ver2.6,白鷹町,CC BY 4.0,https://www.pref.yamagata.jp/documents/20978/shirataka_gtfs.zip
戸沢村　村営バス,2022-06-29 10:30,20220617,20230331,2022/05/25改正-見える化ver2.6,戸沢村,CC BY 4.0,https://www.pref.yamagata.jp/documents/20978/tozawa_gtfs.zip
山形鉄道,2022-03-08 17:00,20220312,20230311,2022/03/12改正,山形鉄道株式会社,CC BY 4.0,https://www.pref.yamagata.jp/documents/20978/flower-liner_gtfs.zip
最上川交通,2022-03-22 16:45,20220401,20230331,2022/04/01改正-見える化ver2.6,最上川交通,CC BY 4.0,https://www.pref.yamagata.jp/documents/20978/mogamigawakotsu_gtfs.zip
山交バス,2021-10-01 13:30,20211001,20220930,20211001,株式会社ヴァル研究所,CC BY 4.0,https://www.pref.yamagata.jp/documents/20978/yamakobus_gtfs.zip
庄内交通,2022-03-28 16:45,20220401,20230331,2022年4月1日ダイヤ改正_03,庄内交通,CC BY 4.0,https://www.pref.yamagata.jp/documents/20978/shonaikotsu_gtfs.zip
朝日町路線バス,2022-03-22 16:45,20220401,20230331,2022/04/01改正-見える化ver2.6,朝日町,CC BY 4.0,https://www.pref.yamagata.jp/documents/20978/asahi_gtfs.zip
米沢市　市民バス,2022-03-22 16:45,20220401,20221130,2022/04/01改正,米沢市,CC BY 4.0,https://www.pref.yamagata.jp/documents/20978/yonezawa_gtfs.zip
西川町路線バス,2022-06-29 10:30,20220622,20230331,2022/04/01改正-見える化ver2.6,西川町,CC BY 4.0,https://www.pref.yamagata.jp/documents/20978/nishikawa_gtfs.zip
佐野市営バス（さーのって号）,2022-03-31 10:23,20220401,20230331,20220401_2022年04月01日（佐野市生活路線バス-JRバス関東）,佐野市,CC BY 2.1,https://www.city.sano.lg.jp/material/files/group/17/133.zip
玉村町乗合タクシー　たまりん,2022-04-20 13:57,20220420,20230331,20220401_2022年04月01日（たまりん・昭和病院名称変更） その筋屋 1.580,永井運輸株式会社,CC BY 4.0,https://www.nagai-unyu.net/rosen/GTFS/tamarin/GTFS-JP_tamarin-gunma-jp.zip
永井バス（永井運輸）,2022-07-29 15:51,20220729,20230331,20220401_2022年04月01日（永井バス補助路線・本町ラインV10） その筋屋 1.587,永井運輸株式会社,CC BY 4.0,https://www.nagai-unyu.net/rosen/GTFS/aux/GTFS-JP_nbaux-gunma-jp.zip
永井バス（永井運輸）（独自拡張版GTFS）,2022-07-31 17:10,20220731,20230730,20220401_2022年04月01日（永井バス路線 車輌・サイネージダイヤ３） その筋屋 1.587,永井運輸株式会社,CC BY 4.0,https://www.nagai-unyu.net/rosen/GTFS/aux/GTFS-JP_nbaux-gunma-jp_gyomu.zip
日本中央バス（奥多野線）,2022-09-01 16:07,20191001,20230930,20191001_2019年10月01日（ダイヤ改正運賃改定）,日本中央バス株式会社,CC BY 4.0,https://ncb.jp/route/GTFS/GTFS(OT).zip
日本中央バス（前橋近郊路線、空港バス、高速バス）,2022-09-02 10:20,20220701,20220925,20220701_2022年07月01日（4_1_室川富改正_7_1_高速運賃改定） その筋屋 1.557改,日本中央バス株式会社,CC BY 4.0,https://ncb.jp/route/GTFS/GTFS(MB).zip
上信電鉄（バス）,2021-09-14 16:02,20210914,20240914,20210914_K001_9,ジョルダン株式会社,CC BY 4.0,https://gma.jcld.jp/GMA_OPENDATA/GTFS/gtfs.1013.joshin_bus.zip
関越交通,2022-08-31 10:06,20220831,20250831,20220831_K001_9,関越交通,CC BY 4.0,https://gma.jcld.jp/GMA_OPENDATA/GTFS/gtfs.1001.kanetsu_kotu.zip
群馬バス,2022-05-11 16:30,20220511,20250511,20220511_K001_9,ジョルダン株式会社,CC BY 4.0,https://gma.jcld.jp/GMA_OPENDATA/GTFS/gtfs.1007.gunma_bus.zip
矢島タクシー,2022-08-31 13:17,20220831,20250831,20220831_K001_9,ジョルダン株式会社,CC BY 4.0,https://gma.jcld.jp/GMA_OPENDATA/GTFS/gtfs.1017.yajima_taxi.zip
草軽交通,2022-06-08 10:18,20220608,20250608,20220608_K001_9,ジョルダン株式会社,CC BY 4.0,https://gma.jcld.jp/GMA_OPENDATA/GTFS/gtfs.2002.kusakaru.zip
国際十王交通（伊勢崎営業所）,2022-04-14 10:48,20220330,20250330,20220330_K001_9,ジョルダン株式会社,CC BY 4.0,https://gma.jcld.jp/GMA_OPENDATA/GTFS/gtfs.1103.kokusai_juuou.GMA.zip
JRバス関東（長野原支店）,2022-05-13 13:43,20220512,20250512,20220512_K001_9,ジョルダン株式会社,CC BY 4.0,https://gma.jcld.jp/GMA_OPENDATA/GTFS/gtfs.1302.jr_bus_kanto.GMA.zip
西武観光バス（軽井沢営業所）,2022-08-08 12:04,20220808,20250808,20220808_K001_9,ジョルダン株式会社,CC BY 4.0,https://gma.jcld.jp/GMA_OPENDATA/GTFS/gtfs.1115.seibu_kanko.GMA.zip
朝日バス（本庄営業所・太田営業所）,2021-02-03 13:52,20210203,20240203,20210203_K001_9,ジョルダン株式会社,CC BY 4.0,https://gma.jcld.jp/GMA_OPENDATA/GTFS/gtfs.1106.asahi_bus.GMA.zip
前橋市内コミュニティバス（マイバス、その他）,2022-03-30 10:53,20220330,20250330,20220330_K001_9,ジョルダン株式会社,CC BY 4.0,https://gma.jcld.jp/GMA_OPENDATA/GTFS/gtfs.1019.maebashishi_com.zip
高崎市内循環バス「ぐるりん」・はるバス・よしいバス,2022-04-07 13:09,20220407,20250407,20220407_K001_9,ジョルダン株式会社,CC BY 4.0,https://gma.jcld.jp/GMA_OPENDATA/GTFS/gtfs.1020.takasakishi_com.zip
桐生市　おりひめバス,2022-06-15 16:45,20220615,20250615,20220615_K001_9,ジョルダン株式会社,CC BY 4.0,https://gma.jcld.jp/GMA_OPENDATA/GTFS/gtfs.1025.kiryushi_com.zip
太田市　シティライナーおおた・市営無料バス,2022-04-07 13:50,20220407,20250407,20220407_K001_9,ジョルダン株式会社,CC BY 4.0,https://gma.jcld.jp/GMA_OPENDATA/GTFS/gtfs.1027.otashi_com.zip
沼田市路線バス,2022-04-13 15:06,20220413,20250413,20220413_K001_9,ジョルダン株式会社,CC BY 4.0,https://gma.jcld.jp/GMA_OPENDATA/GTFS/gtfs.1021.numatashi_com.zip
館林市内路線バス,2021-04-01 09:19,20210401,20240401,20210401_K002_9,ジョルダン株式会社,CC BY 4.0,https://gma.jcld.jp/GMA_OPENDATA/GTFS/gtfs.1024.tatebayashishi_com.zip
渋川市内バス（市内路線・伊香保タウンバス）,2022-08-31 13:16,20220831,20250831,20220831_K001_9,ジョルダン株式会社,CC BY 4.0,https://gma.jcld.jp/GMA_OPENDATA/GTFS/gtfs.1018.shibukawashi_com.zip
藤岡市　めぐるん,2022-08-31 13:49,20220831,20250831,20220831_K004_9,ジョルダン株式会社,CC BY 4.0,https://gma.jcld.jp/GMA_OPENDATA/GTFS/gtfs.1028.fujiokashi_com.zip
みどり市　東町路線バス,2022-02-16 15:12,20220216,20250216,20220216_K001_9,ジョルダン株式会社,CC BY 4.0,https://gma.jcld.jp/GMA_OPENDATA/GTFS/gtfs.1031.midorishi_com.zip
上野村乗合タクシー,2020-09-24 17:09,20200901,20230831,20200901_K001_9,ジョルダン株式会社,CC BY 4.0,https://gma.jcld.jp/GMA_OPENDATA/GTFS/gtfs.1034.uenomura_com.zip
中之条町　六合地区路線バス,2022-03-08 13:51,20220308,20250308,20220308_K001_9,ジョルダン株式会社,CC BY 4.0,https://gma.jcld.jp/GMA_OPENDATA/GTFS/gtfs.1038.nakanojomachi_com.zip
高山村　たかやまバス,2022-05-25 17:20,20220525,20250525,20220525_K001_9,ジョルダン株式会社,CC BY 4.0,https://gma.jcld.jp/GMA_OPENDATA/GTFS/gtfs.1040.gunma_takayamamura_com.zip
東吾妻町乗合バス,2022-08-17 14:20,20220817,20250817,20220817_K001_9,ジョルダン株式会社,CC BY 4.0,https://gma.jcld.jp/GMA_OPENDATA/GTFS/gtfs.1041.higashiagatsumamachi_com.zip
川場村循環バス,2022-03-09 15:01,20220309,20250309,20220309_K001_9,ジョルダン株式会社,CC BY 4.0,https://gma.jcld.jp/GMA_OPENDATA/GTFS/gtfs.1042.kawabamura_com.zip
昭和村路線バス,2020-09-24 17:26,20200901,20230831,20200901_K001_9,ジョルダン株式会社,CC BY 4.0,https://gma.jcld.jp/GMA_OPENDATA/GTFS/gtfs.1043.showamura_com.zip
みなかみ町営バス,2021-06-16 14:07,20210616,20240616,20210616_K001_9,ジョルダン株式会社,CC BY 4.0,https://gma.jcld.jp/GMA_OPENDATA/GTFS/gtfs.1022.minakamimachi_com.zip
大泉町・千代田町　広域公共バス「あおぞら」,2022-03-08 13:51,20220308,20250308,20220308_K002_9,ジョルダン株式会社,CC BY 4.0,https://gma.jcld.jp/GMA_OPENDATA/GTFS/gtfs.1048.oizumimachi_com.zip
邑楽町　広域公共バス,2022-06-16 15:38,20220616,20260616,20220616_K001_9,ジョルダン株式会社,CC BY 4.0,https://gma.jcld.jp/GMA_OPENDATA/GTFS/gtfs.1049.oramachi_com.zip
下仁田町　しもにたバス,2020-09-24 17:12,20200901,20230831,20200901_K001_9,ジョルダン株式会社,CC BY 4.0,https://gma.jcld.jp/GMA_OPENDATA/GTFS/gtfs.1036.shimonitamachi_com.zip
安中市乗合バス,2022-03-08 13:52,20220307,20250307,20220307_K001_9,ジョルダン株式会社,CC BY 4.0,https://gma.jcld.jp/GMA_OPENDATA/GTFS/gtfs.1030.annakashi_com.zip
富岡市乗合タクシー,2020-12-24 17:38,20200901,20211231,20200901_K003_9,ジョルダン株式会社,CC BY 4.0,https://gma.jcld.jp/GMA_OPENDATA/GTFS/gtfs.1029.tomiokashi_com.zip
伊勢崎市　いせさきしコミュニティバス「あおぞら」,2022-06-16 15:28,20220615,20250615,20220615_K001_9,ジョルダン株式会社,CC BY 4.0,https://gma.jcld.jp/GMA_OPENDATA/GTFS/gtfs.1026.isesakishi_com.zip
南牧村　南牧バス,2021-11-04 11:08,20211104,20241104,20211104_K001_9,ジョルダン株式会社,CC BY 4.0,https://gma.jcld.jp/GMA_OPENDATA/GTFS/gtfs.1037.nanmokumura_com.zip
空港バス【群馬】,2022-06-17 17:11,20220616,20250616,20220616_K001_9,ジョルダン株式会社,CC BY 4.0,https://gma.jcld.jp/GMA_OPENDATA/GTFS/gtfs.0003.lim.GMA.zip
高速バス【群馬】,2022-08-10 11:29,20220810,20250810,20220810_K001_9,ジョルダン株式会社,CC BY 4.0,https://gma.jcld.jp/GMA_OPENDATA/GTFS/gtfs.0002.express.GMA.zip
京成トランジットバス,2022-08-22 10:05,20220801,20230331,20220801_20220822_0953,京成トランジットバス株式会社,CC BY 4.0,http://www.transitbus.co.jp/web/archive/KeiseiTransitBus_gtfs_jp.zip
我孫子市　あびバス（新木ルート、栄・泉・並木ルート、船戸・台田ルート、布施ルート）,2022-04-20 16:17,20200401,20230331,2022年4月20日更新,我孫子市,CC BY 4.0,https://www.city.abiko.chiba.jp/shisei/opendata/GTFS-JP.files/gtfs_Abibus_other_root.zip
我孫子市　あびバス（根戸ルート）,2022-04-20 16:18,20200401,20230331,2022年4月20日更新,我孫子市,CC BY 4.0,https://www.city.abiko.chiba.jp/shisei/opendata/GTFS-JP.files/gtfs_Abibus_nedo_root.zip
我孫子市　アイバス,2022-04-20 16:18,20200507,20230331,2022年4月20日更新,我孫子市,CC BY 4.0,https://www.city.abiko.chiba.jp/shisei/opendata/GTFS-JP.files/gtfs_Aibus.zip
渋谷区コミュニティバス「ハチ公バス」,2022-08-04 10:20,20220111,20230110,2021/10/17改正,渋谷区,CC BY 4.0,https://www.city.shibuya.tokyo.jp/assets/mng/131130_gtfs-jp_hachiko_bus.zip
横須賀市　ハマちゃんバス,2021-12-07 15:00,20210701,20230331,20210701,横須賀市,CC BY 4.0,https://www.city.yokosuka.kanagawa.jp/0830/opendata/documents/gtfs.zip
ときライナー　新潟交通,,20220413,20230205,20220413_20220903,新潟交通(株),CC BY 4.0,https://loc.bus-vision.jp/gtfs_v2/niigatakotsu/gtfsFeed
ときライナー　越後交通,,20220413,20230205,20220413_20220903,越後交通(株),CC BY 4.0,https://loc.bus-vision.jp/gtfs_v2/echigokotsu/gtfsFeed
ときライナー　頸城自動車,,20211201,20230205,20211201_20220903,頸城自動車(株),CC BY 4.0,https://loc.bus-vision.jp/gtfs_v2/kubikijidosha/gtfsFeed
ときライナー　新潟交通観光バス,,20220401,20230205,20220401_20220903,新潟交通観光バス(株),CC BY 4.0,https://loc.bus-vision.jp/gtfs_v2/niigatakotsukanko/gtfsFeed
ときライナー　蒲原鉄道,,20210916,20230205,20210916_20220903,蒲原鉄道(株),CC BY 4.0,https://loc.bus-vision.jp/gtfs_v2/kanbaratetsudo/gtfsFeed
ときライナー　アイ・ケーアライアンス,,20220328,20230205,20220328_20220903,アイ・ケーアライアンス(株),CC BY 4.0,https://loc.bus-vision.jp/gtfs_v2/ikalliance/gtfsFeed
富山市　まいどはやバス,2022-03-31 17:31,20220401,20230331,,富山県富山市,CC 0,https://opdt.city.toyama.lg.jp/dataset/8de65493-0af7-49d3-aab6-b495fc3ea2b0/resource/43903d9f-1d9c-42f0-bd01-8a5fc1cb828c/download/city-toyama-maidohaya-gtfs.zip
富山市　呉羽いきいきバス,2022-03-31 17:31,20220401,20230331,2022v1-2022年03月08日 13時48分12秒-西沢ツールver8.15,富山県富山市,CC 0,https://opdt.city.toyama.lg.jp/dataset/8de65493-0af7-49d3-aab6-b495fc3ea2b0/resource/26db7690-aa7e-41b2-8596-0d8bdcd5c885/download/city-toyama-kureha-gtfs.zip
富山市　水橋ふれあいコミュニティバス,2022-05-23 14:32,20220401,20230331,2022v1-2022年05月13日 09時36分42秒-西沢ツールver8.15,富山県富山市,CC 0,https://opdt.city.toyama.lg.jp/dataset/8de65493-0af7-49d3-aab6-b495fc3ea2b0/resource/ff01c4dd-14e7-4dbc-acea-09bff6b7d40e/download/city-toyama-mizuhashi-gtfs.zip
富山市　婦中コミュニティバス,2022-06-08 13:11,20220401,20230331,2022v2-2022年05月31日 17時46分27秒-西沢ツールver8.15,富山県富山市,CC 0,https://opdt.city.toyama.lg.jp/dataset/8de65493-0af7-49d3-aab6-b495fc3ea2b0/resource/61a024ce-a377-4dd3-a3c0-b46183896597/download/city-toyama-fuchu-gtfs.zip
富山市　八尾コミュニティバス,,,,,,CC 0,https://opdt.city.toyama.lg.jp/dataset/8de65493-0af7-49d3-aab6-b495fc3ea2b0/resource/927992fb-e889-43cb-aa55-3bc3cab2e0aa/download/city-toyama-yatsuo-gtfs.zip
富山市　大山コミュニティバス,2022-04-26 08:42,20220401,20230331,2022v3-2022年04月19日 12時10分25秒-西沢ツールver8.18,富山県富山市,CC 0,https://opdt.city.toyama.lg.jp/dataset/8de65493-0af7-49d3-aab6-b495fc3ea2b0/resource/378bcf3e-8f32-477a-857d-2d3917b6e84d/download/city-toyama-oyama-gtfs.zip
富山市　山田コミュニティバス,2022-04-26 08:42,20220401,20230331,2022v2-2022年04月14日 10時22分23秒-西沢ツールver8.18,富山県富山市,CC 0,https://opdt.city.toyama.lg.jp/dataset/8de65493-0af7-49d3-aab6-b495fc3ea2b0/resource/665ab7b2-e434-4a4a-8175-32a433b60008/download/city-toyama-yamada-gtfs.zip
富山市　堀川南地域コミュニティバス,2022-03-31 17:34,20220401,20230331,2022v1-2022年03月08日 14時41分24秒-西沢ツールver8.15,富山市,CC 0,https://opdt.city.toyama.lg.jp/dataset/8de65493-0af7-49d3-aab6-b495fc3ea2b0/resource/5cb228a9-8a44-4db5-bbe5-3dcbabf1c1f6/download/city-toyama-horikawaminami-gtfs.zip
高岡市　高岡市公営バス（福岡地域）,,,,,,CC 0,https://www.city.takaoka.toyama.jp/joho/shise/opendata/documents/city_takaoka_gtfs.zip
魚津市　予約式あいのりタクシー おもてなし魚津直行便,2021-09-07 09:30,20210313,20220312,2021,魚津タクシー協会,CC 0,https://www.city.uozu.toyama.jp/contents/busdata/city_uozu_ainori_gtfs.zip
魚津市　魚津市民バス,2022-03-29 15:17,20220401,20230331,2022,魚津市産業建設部都市計画課,CC 0,https://www.city.uozu.toyama.jp/contents/busdata/city_uozu_shimin_gtfs.zip
滑川市　のる my car,2022-06-21 15:12,20220518,20230531,20220601_2022年06月01日（改正） その筋屋 1.473,滑川市,CC 0,https://www.city.namerikawa.toyama.jp/material/files/group/10/city_namerikawa_gtfs.zip
砺波市　砺波市営バス,2021-12-20 14:00,20211215,20230930,20210401_2021年04月01日（改正） その筋屋 1.542,砺波市,CC 0,http://opendata.pref.toyama.jp/files/city_tonami_gtfs.zip
入善町　入善町営バス「のらんマイ・カー」,2022-06-20 17:44,20180801,20200331,2018v,富山県入善町,CC 0,https://www.town.nyuzen.toyama.jp/material/files/group/3/town_nyuzen_noran_gtfs.zip
入善町　入善町営バス「のらんマイ・カー」（県サイト掲載版）,,20220401,20240331,2022v,富山県入善町,CC 0,https://toyama-pref.box.com/shared/static/5e0royc3l3tun4vpjie0qmqpfbztj08n.zip
富山地鉄バス（富山地方鉄道）,,20220712,20230711,20220401_2022年04月01日（富山地鉄バス R4.4.1ダイヤ改正） その筋屋 1.486,富山地方鉄道株式会社,CC 0,https://toyama-pref.box.com/shared/static/96fo9k5gmz6qwlk8xfjz0bo8vl6mhta9.zip
富山地鉄バス　富山港線フィーダーバス,2021-03-15 17:58,20210321,20220320,20210321_2021年03月21日（R3.3.21フィーダーのみ）,富山地方鉄道株式会社,CC 0,http://opendata.pref.toyama.jp/files/chitetsu_feeder_gtfs.zip
富山地鉄市内電車,,20220601,20230315,20210721_2021年07月21日（令和3年3月21日改正 仮2） その筋屋 1.436,富山地方鉄道株式会社,CC 0,https://toyama-pref.box.com/shared/static/asr4jglw9sm038qq20h1pqxdg7eqk669.zip
西日本ジェイアールバス　名金線,,20220401,20220630,20220401_gtfs-jp_v3,富山県交通政策局,CC 0,https://toyama-pref.box.com/shared/static/supauq0zy11t8iqtqamnbyhqm0l8ylqt.zip
加越能バス　一般路線,,20220401,20230331,20220401_2022年04月01日（【作業用】加越能バスproj一般路線ひみ番屋街なし　くりから　法科大） その筋屋 1.587,加越能バス株式会社,CC 0,https://toyama-pref.box.com/shared/static/ufgq55b2oxb6i0b15r9ih9q82w3q3jj5.zip
加越能バス　世界遺産バス,,20220722,20230721,20210701_2021年07月01日（加越能バスproj世界遺産バス　更に運休） その筋屋 1.587,加越能バス株式会社,CC 0,https://toyama-pref.box.com/shared/static/ix5so7pza4m5d5yo3ikbfv4xk4tms80x.zip
加能越バス　氷見市街地周遊バス,,20220324,20230323,20191201_2019年12月01日（加越能バスprojひみ番屋街） その筋屋 1.571,加越能バス株式会社,CC 0,https://toyama-pref.box.com/shared/static/tdu8l9t46rifwo2vx8a5o1qede4g3xhc.zip
野々市市　のっティ・のんキー,2022-04-12 09:46,20210401,20230331,20220401_001,ののいちバス株式会社,CC BY 4.0,https://www.city.nonoichi.lg.jp/img/opendata/notty_current.zip
志賀町コミュニティバス（しかばす）,2022-06-14 16:58,20220401,20230331,2022v04,志賀町,CC BY 4.0,https://www.town.shika.lg.jp/data/open/cnt/3/4031/1/gtfs_data.zip
羽咋市　市内循環バス「るんるんバス」,2022-05-17 10:28,,,20170701_R005,羽咋市役所,CC BY 4.0,https://www.city.hakui.lg.jp/material/files/group/1/rosen_bus.zip
金沢ふらっとバス,2022-03-31 17:57,20220401,20230331,2022/04/01改正,金沢市,CC BY 2.1,https://catalog-data.city.kanazawa.ishikawa.jp/dataset/1196beb4-f9f9-463c-9723-5b38d8127425/resource/191bd7bd-8e97-4919-b3ad-a87757993a79/download/172014-flatbus.zip
白山市コミュニティバス「めぐーる」,2022-05-30 09:35,20220401,20230331,20220401_2022年04月01日（R4めぐーるv1） その筋屋 1.557,白山市,CC BY 4.0,https://www.city.hakusan.lg.jp/_res/projects/default_project/_page_/001/003/950/bus-hakusancity-ishikawa-jp.zip
鯖江市　つつじバス,2022-08-30 13:59,20220401,20270331,2022v21,SabaeCityOffice,CC BY 2.1,https://www.pref.fukui.lg.jp/doc/dx-suishin/opendata/gtfs_jp_d/fil/gtfs_sabae.zip
福井市　海岸地域バス,2022-08-30 13:59,20220401,20230331,,福井市,CC BY 2.1,https://www.pref.fukui.lg.jp/doc/dx-suishin/opendata/gtfs_jp_d/fil/kaigan_bus.zip
福井市　清水地域バス,2022-08-30 13:59,20220401,20230331,,福井市,CC BY 2.1,https://www.pref.fukui.lg.jp/doc/dx-suishin/opendata/gtfs_jp_d/fil/simizu_bus.zip
福井市　乗合タクシー　高屋・本郷ルート,2022-08-30 13:59,20220401,20230331,,福井市,CC BY 2.1,https://www.pref.fukui.lg.jp/doc/dx-suishin/opendata/gtfs_jp_d/fil/noriaitaxi.zip
福井市　コミュニティバスOKABO,2022-08-30 13:59,20220401,20230331,,福井市,CC BY 2.1,https://www.pref.fukui.lg.jp/doc/dx-suishin/opendata/gtfs_jp_d/fil/okabo_bus.zip
福井市　ふくふく号・鶉山バス,2022-08-30 13:59,20220401,20230331,,福井市,CC BY 2.1,https://www.pref.fukui.lg.jp/doc/dx-suishin/opendata/gtfs_jp_d/fil/uzura_bus.zip
福井市　酒生いきいきバス,2022-08-30 13:59,20220401,20230331,,福井市,CC BY 2.1,https://www.pref.fukui.lg.jp/doc/dx-suishin/opendata/gtfs_jp_d/fil/sakou_bus.zip
福井市　殿下かじかポッポー,2022-08-30 13:59,20220401,20230331,,福井市,CC BY 2.1,https://www.pref.fukui.lg.jp/doc/dx-suishin/opendata/gtfs_jp_d/fil/tengakajika_bus.zip
福井市　日新さんさんバス,2022-08-30 13:59,20220401,20230331,,福井市,CC BY 2.1,https://www.pref.fukui.lg.jp/doc/dx-suishin/opendata/gtfs_jp_d/fil/nishin_bus.zip
福井市　美山地域バス,2022-08-30 13:59,20220401,20230331,,福井市,CC BY 2.1,https://www.pref.fukui.lg.jp/doc/dx-suishin/opendata/gtfs_jp_d/fil/miyama_bus.zip
福井市　森田地区コミュニティバス「もりたん」,2022-08-30 13:59,20220401,20230331,,福井市,CC BY 2.1,https://www.pref.fukui.lg.jp/doc/dx-suishin/opendata/gtfs_jp_d/fil/moritan_bus.zip
福井市　東郷おつくねバス,2022-08-30 13:59,20220401,20230331,,福井市,CC BY 2.1,https://www.pref.fukui.lg.jp/doc/dx-suishin/opendata/gtfs_jp_d/fil/togo_bus.zip
坂井市　ぐるっと坂井,2022-08-30 13:59,20220404,20230331,2022_v01,福井県坂井市,CC BY 2.1,https://www.pref.fukui.lg.jp/doc/dx-suishin/opendata/gtfs_jp_d/fil/sakaisi_bus.zip
大野市　まちなか循環バス,2022-08-30 13:59,20180101,20210331,2018_v01,大野市,CC BY 2.1,https://www.pref.fukui.lg.jp/doc/dx-suishin/opendata/gtfs_jp_d/fil/onosi_machinaka_bus.zip
大野市　市営バス,2022-08-30 13:59,20180101,20210331,2018_v01,大野市,CC BY 2.1,https://www.pref.fukui.lg.jp/doc/dx-suishin/opendata/gtfs_jp_d/fil/onoshiei_bus.zip
越前市　市民バス「のろっさ」,2022-08-30 13:59,20200401,20230331,2020_v01,越前市,CC BY 2.1,https://www.pref.fukui.lg.jp/doc/dx-suishin/opendata/gtfs_jp_d/fil/echizensi_bus.zip
美浜町コミュニティバス,2022-08-30 13:59,20220601,20230331,,美浜町,CC BY 2.1,https://www.pref.fukui.lg.jp/doc/dx-suishin/opendata/gtfs_jp_d/fil/mihama_bus.zip
若狭町　町営バス,2022-08-30 13:59,20180101,20220331,2018_v01,若狭町,CC BY 2.1,https://www.pref.fukui.lg.jp/doc/dx-suishin/opendata/gtfs_jp_d/fil/wakasa_bus.zip
あわら市北部周遊バス「あわらぐるっとバス」,2022-08-30 13:59,20191220,20220331,2019v01,福井県あわら市,CC BY 2.1,https://www.pref.fukui.lg.jp/doc/dx-suishin/opendata/gtfs_jp_d/fil/awara_bus.zip
敦賀市コミュニティバス・福鉄バス（菅浜線・若狭線）,2022-08-30 13:59,20210902,20220930,2020/10/01改正,敦賀市,CC BY 2.1,https://www.pref.fukui.lg.jp/doc/dx-suishin/opendata/gtfs_jp_d/fil/tsuruga_bus.zip
永平寺町コミュニティバス,2022-08-30 13:59,20180101,20230331,2018_v01,永平寺町,CC BY 2.1,https://www.pref.fukui.lg.jp/doc/dx-suishin/opendata/gtfs_jp_d/fil/eiheiji_bus.zip
越前町コミュニティバス　フレンドリー号,2022-08-30 13:59,20201201,20220331,,ジョルダン株式会社,CC BY 2.1,https://www.pref.fukui.lg.jp/doc/dx-suishin/opendata/gtfs_jp_d/fil/gtfs_echizenchou_com.zip
小浜市　あいあいバス,2022-08-30 13:59,20220716,20230331,2.5-2022年07月11日 11時07分03秒-西沢ツールver8.08,小浜市役所,CC BY 2.1,https://www.pref.fukui.lg.jp/doc/dx-suishin/opendata/gtfs_jp_d/fil/gtfs_obamashi.zip
京福バス,2022-08-30 13:59,20220401,20230331,20220401,京福バス,CC BY 2.1,https://www.pref.fukui.lg.jp/doc/dx-suishin/opendata/gtfs_jp_d/fil/keifuku_bus.zip
大和交通　乗合バス「流星」,2022-08-30 13:59,20200820,20220331,20200831,大和交通株式会社,CC BY 2.1,https://www.pref.fukui.lg.jp/doc/dx-suishin/opendata/gtfs_jp_d/fil/yamato_kotsu.zip
福鉄バス（福井鉄道）,2022-08-30 13:59,20220401,20230331,20220401-2022年02月24日 09時32分17秒-西沢ツールver8.14,福井鉄道株式会社,CC BY 2.1,https://www.pref.fukui.lg.jp/doc/dx-suishin/opendata/gtfs_jp_d/fil/gtfs_0211117.zip
山梨交通・富士急行・山梨県内コミュニティバス,,,,,,CC 0,http://opendata.busmaps.jp/yamanashi.zip
南木曽町　地域バス,2022-04-01 00:24,20220401,20230331,2022/04/01改正,南木曽町,CC BY 4.0,https://www.rosenzu.com/~gtfs/nagiso/nagiso_GTFS.zip
須坂市　すざか市民バス,2022-04-19 09:56,20210401,20230430,R4.4.18(更新日付入力),須坂市,CC BY 4.0,https://www.city.suzaka.nagano.jp/opendata/file/gtfs_data.zip
中津川市コミュニティバス,2021-10-01 00:12,20211001,20220930,2021/10/01改正,中津川市,CC BY 4.0,https://www.rosenzu.com/~gtfs/nakatsugawa/nakatsugawa_GTFS.zip
北恵那バス（北恵那交通）,2022-04-14 12:18,20220413,20230412,20220401_2022年04月01日（手賀野線改正　苗木城春） その筋屋 1.557,北恵那交通株式会社,CC BY 4.0,https://www.rosenzu.com/~gtfs/kitaena/kitaena_GTFS.zip
可児市　さつきバス・Ｋバス,2020-12-25 15:38,20201218,20220331,2020/12/11改正,可児市,CC BY 2.1,https://www.city.kani.lg.jp/secure/12816/satukik.zip
可児市　YAOバス,2021-12-03 11:36,20211129,20230331,2021/11/25改正,可児市,CC BY 2.1,https://www.city.kani.lg.jp/secure/12816/yao.zip
恵那市自主運行バス,2022-07-14 13:14,20220704,20230930,2022/07/04改正-見える化ver2.6,恵那市,CC BY 4.0,https://www.rosenzu.com/~gtfs/ena/ena_GTFS.zip
本巣市営バス,2021-11-25 09:59,20211124,20221123,2020/12/14改正-見える化ver2.6,岐阜県本巣市,CC BY 4.0,https://www.rosenzu.com/~gtfs/motosu/motosu_GTFS.zip
海津市コミュニティバス,2022-04-01 00:17,20220401,20220930,2022/04/01改正,海津市,CC BY 4.0,https://www.rosenzu.com/~gtfs/kaizu/kaizu_GTFS.zip
明知鉄道,2022-03-12 00:01,20220312,20230331,2022/03/12改正-見える化ver2.6,明知鉄道株式会社,CC BY 4.0,https://www.rosenzu.com/~gtfs/akechirailway/akechirailway_GTFS.zip
岐阜市コミュニティバス「ぎふっこバス」,2022-08-01 00:00,20220801,20230731,2022/08/01改正,岐阜市,CC BY 4.0,https://www.rosenzu.com/~gtfs/gifu/gifu_GTFS.zip
笠松町公共施設巡回町民バス,2022-03-18 17:57,20220310,20230309,2020/10/01改正-見える化ver2.6,笠松町,CC BY 4.0,https://www.rosenzu.com/~gtfs/kasamatsu/kasamatsu_GTFS.zip
東鉄バス（東濃鉄道）,2022-06-01 01:36,20220601,20220930,20220601_2022年06月01日（恵那アップロード版） その筋屋 1.580,東濃鉄道株式会社,CC BY 4.0,https://www.rosenzu.com/~gtfs/tohtetsu/tohtetsu_GTFS.zip
御嵩町　ふれあいバス,2021-10-01 00:11,20211001,20220930,2021/10/01改正,御嵩町,CC BY 4.0,https://www.rosenzu.com/~gtfs/mitake/mitake_GTFS.zip
美濃加茂市コミュニティバス「あい愛バス」,2022-08-01 00:01,20220801,20230731,2022/08/01改正-見える化ver2.6,岐阜県美濃加茂市,CC BY 4.0,https://www.rosenzu.com/~gtfs/minokamo/minokamo_GTFS.zip
土岐市　市民バス,2021-12-01 01:34,20211201,20220930,2021/12/01改正,土岐市,CC BY 4.0,https://www.rosenzu.com/~gtfs/toki/toki_GTFS.zip
七宗町営バス,2022-04-01 00:22,20220401,20230310,2022/04/01改正-見える化ver2.6,七宗町,CC BY 4.0,https://www.rosenzu.com/~gtfs/hichiso/hichiso_GTFS.zip
日進市巡回バス　くるりんばす（市サイト）,2022-02-22 14:02,20220104,20221231,2022/01/04改正-見える化ver2.6,日進市,CC BY 4.0,http://www.city.nisshin.lg.jp/material/files/group/108/kururin-gtfs.zip
日進市巡回バス　くるりんばす,2022-01-04 00:08,20220104,20221231,2022/01/04改正-見える化ver2.6,日進市,CC BY 4.0,https://www.rosenzu.com/~gtfs/nisshin/nisshin_GTFS.zip
碧南市　くるくるバス,2022-04-01 13:50,20220401,20230331,20220401,碧南市,CC BY 4.0,https://www.city.hekinan.lg.jp/material/files/group/3/GTFS.zip
豊田市　とよたおいでんバス,2022-08-22 07:07,20220822,20230331,2022/08/22改正-見える化ver2.6,豊田市,CC BY 4.0,https://www.rosenzu.com/~gtfs/toyota/toyota_kikan_GTFS.zip
豊田市　地域バス,2022-04-01 00:08,20220401,20230331,2022/04/01改正-見える化ver2.6,豊田市,CC BY 4.0,https://www.rosenzu.com/~gtfs/toyota_chiiki/toyota_chiiki_GTFS.zip
東浦町運行バス「う・ら・ら」,2021-12-25 20:24,20211223,20230106,2021/02/01改正,東浦町,CC BY 4.0,https://www.rosenzu.com/~gtfs/higashiura/higashiura_GTFS.zip
武豊町「ゆめころん」,2022-04-03 00:02,20220403,20230402,2022/04/03改正,武豊町,CC BY 4.0,https://www.rosenzu.com/~gtfs/taketoyo/taketoyo_GTFS.zip
みよし市　さんさんバス,2022-04-19 12:10,20220401,20230331,2022/04/01改正-見える化ver2.6,みよし市政策推進部企画政策課,CC BY 4.0,http://www.city.aichi-miyoshi.lg.jp/shisei/opendata/documents/sansanbus.zip
西尾市　六万石くるりんバス,2022-03-04 13:31,20211229,20220930,2021/12/29改正,愛知県西尾市,CC BY 4.0,https://www.city.nishio.aichi.jp/_res/projects/default_project/_page_/001/003/763/k.zip
西尾市　いっちゃんバス,2022-04-04 10:39,20220401,20230331,2022/04/01改正,西尾市,CC BY 4.0,https://www.city.nishio.aichi.jp/_res/projects/default_project/_page_/001/003/763/i.zip
名鉄東部交通バス,2022-04-04 10:39,20220401,20230331,20220401,西尾市,CC BY 4.0,https://www.city.nishio.aichi.jp/_res/projects/default_project/_page_/001/003/763/m.zip
あおい交通,2022-09-01 04:17,20220901,20230326,20220901_2022年09月01日一部便運休 その筋屋 1.557,あおい交通株式会社,CC BY 4.0,https://www.rosenzu.com/~gtfs/aoikotsu/aoikotsu_GTFS.zip
豊山町　とよやまタウンバス,2022-03-13 11:35,20220313,20230331,20210401_2021年04月01日（豊山20220313修正） その筋屋 1.560,あおい交通株式会社,CC BY 4.0,https://www.rosenzu.com/~gtfs/toyoyama/toyoyama_GTFS.zip
岡崎市コミュニティバス（額田地域コミュニティ交通）,2022-09-04 01:11,20220401,20230331,2022/04/01改正,岡崎市,CC BY 4.0,https://www.city.okazaki.lg.jp/1550/1553/208000/p015630_d/fil/232025_gtfs.zip
刈谷市公共施設連絡バス かりまる,2021-08-01 00:04,20210801,20221231,2021/08/01改正,愛知県刈谷市,CC BY 4.0,https://www.rosenzu.com/~gtfs/kariya/kariya_GTFS.zip
豊明市　ひまわりバス,2022-04-13 10:48,20220401,20220505,20220401,豊明市,CC BY 4.0,https://www.city.toyoake.lg.jp/secure/5217/toyoake.zip
豊鉄バス,,20220901,20221206,20220901_20220904,豊鉄バス,CC BY 4.0,https://loc.bus-vision.jp/gtfs/toyotetsu/gtfsFeed
あま市巡回バス,2022-01-24 13:49,20220117,20230501,2.1,あま市,CC BY 4.0,https://www.city.ama.aichi.jp/_res/projects/default_project/_page_/001/002/512/ama_GTFS.zip
東海市　らんらんバス(循環バス),2022-07-15 10:03,20220715,20230714,2021/02/01改正,東海市,CopyRight,http://www.city.tokai.aichi.jp/secure/47255/gtfs.zip
ふれあいバス（大府市循環バス）,,,,,,CC BY 4.0,https://www.city.obu.aichi.jp/_res/projects/default_project/_page_/001/017/133/obu-gtfs-current-data.zip
津ベルライン（津エアポートライン）,2022-08-13 12:50,20220716,20220930,2022年7月16日改正ダイヤ 9月まで,津エアポートライン株式会社,CC BY 4.0,https://www.rosenzu.com/~gtfs/tsuairportline/tsuairportline_GTFS.zip
桑名市　K-バス,2021-08-11 00:59,20210810,20221231,2021/08/10改正,桑名市,CC BY 4.0,https://www.rosenzu.com/~gtfs/kuwana/kuwana_GTFS.zip
伊勢市コミュニティバス（おかげバス、沼木バス）,2022-09-01 02:26,20220901,20230930,2022/09/01改正-見える化ver2.6,伊勢市,CC BY 2.1,https://www.rosenzu.com/~gtfs/ise/ise_GTFS.zip
南伊勢町　町営バス,2022-07-21 18:53,20220721,20221231,2022/02/25改正-見える化ver2.6d,南伊勢町,CC BY 4.0,https://www.rosenzu.com/~gtfs/minamiise/minamiise_GTFS.zip
度会町　町営バス,2022-03-04 09:11,20220304,20230331,2021/04/01改正-見える化ver2.6,度会町,CC BY 4.0,https://www.rosenzu.com/~gtfs/watarai/watarai_GTFS.zip
名張市コミュニティバス,2022-03-05 00:49,20220304,20230331,2021/05/06改正,三重県名張市,CC BY 4.0,https://www.rosenzu.com/~gtfs/nabari/nabari_GTFS.zip
伊賀市コミュニティバス・行政バス,2022-04-01 00:11,20220401,20230331,2022/04/01改正-見える化ver2.6,伊賀市,CC BY 4.0,https://www.rosenzu.com/~gtfs/iga/iga_GTFS.zip
津市コミュニティバス,2022-09-01 02:24,20220901,20230331,2022/09/01改正-見える化ver2.6,津市,CC BY 4.0,https://www.rosenzu.com/~gtfs/tsu/tsu_GTFS.zip
亀山市コミュニティバス,2021-08-01 00:02,20210801,20221231,2021/08/01改正,亀山市,CC BY 4.0,https://www.rosenzu.com/~gtfs/kameyama/kameyama_GTFS.zip
鳥羽市　かもめバス,2021-04-26 11:44,20210416,20221231,2021/03/15改正,鳥羽市,CC BY 4.0,https://www.rosenzu.com/~gtfs/toba_bus/toba_bus_GTFS.zip
鳥羽市　市営定期船,2021-04-26 11:53,20210304,20221231,2019/04/01改正,鳥羽市,CC BY 4.0,https://www.rosenzu.com/~gtfs/toba_ship/toba_ship_GTFS.zip
松阪市コミュニティ交通,2022-04-01 00:19,20220401,20230331,2022/04/01改正-見える化ver2.6,松阪市,CC BY 4.0,https://www.rosenzu.com/~gtfs/matsusaka/matsusaka_GTFS.zip
熊野市バス・御浜町自主運行バス,2021-06-07 16:13,20210531,20221231,2020/04/01改正,熊野市,CC BY 4.0,https://www.rosenzu.com/~gtfs/kumano/kumano_GTFS.zip
熊野市　市街地周遊バス,2022-04-28 09:06,20220330,20231231,2021/04/01改正-見える化ver2.6d,熊野市,CC BY 4.0,https://www.rosenzu.com/~gtfs/kumano_shuyu/kumano_shuyu_GTFS.zip
バスネット津　ぐるっと・つーバス,2022-03-09 09:50,20220206,20231231,2015/04/01改正-見える化ver2.6_0301ファイル更新,バスネット津,CC BY 4.0,https://www.rosenzu.com/~gtfs/busnettsu/busnettsu_GTFS.zip
伊勢鉄道,2022-03-28 12:36,20220328,20230331,2021/03/13改正-見える化ver2.6,伊勢鉄道,CC BY 4.0,https://www.rosenzu.com/~gtfs/iserailway/iserailway_GTFS.zip
加古川市　かこバス（市サイト版）,2022-05-16 14:53,20211201,20221231,,加古川市,CC BY 4.0,https://opendata-api-kakogawa.jp/ckan/dataset/e6353d20-66e3-4d17-8cb4-dd91836d8195/resource/5773f858-07dc-4168-a2fc-0879ec273a84/download/_gtfs.zip
和歌山バス,,20220723,20221206,20220723_20220904,和歌山バス,CC BY 4.0,http://loc.bus-vision.jp/gtfs/wakayama/gtfsFeed
明光バス,2022-04-04 21:01,20220312,20230311,2022/03/12改正-見える化ver2.6,明光バス,CC BY 4.0,https://www.pref.wakayama.lg.jp/prefg/062500/kotsu/opendata_d/fil/GTFS_meiko.zip
龍神自動車,2022-04-04 21:01,20220401,20230331,2022/04/01改正-見える化ver2.6,龍神自動車,CC BY 4.0,https://www.pref.wakayama.lg.jp/prefg/062500/kotsu/opendata_d/fil/GTFS_ryujin.zip
熊野御坊南海バス（旧・熊野交通）,2022-04-04 21:01,20220312,20230311,2022/03/12改正-見える化ver2.6,熊野御坊南海バス,CC BY 4.0,https://www.pref.wakayama.lg.jp/prefg/062500/kotsu/opendata_d/fil/GTFS_kumano.zip
南海りんかんバス,2022-04-04 21:01,20220304,20230303,2021/04/01改正-見える化ver2.6,南海りんかんバス,CC BY 4.0,https://www.pref.wakayama.lg.jp/prefg/062500/kotsu/opendata_d/fil/GTFS_rinkan.zip
橋本市コミュニティバス・デマンドタクシー,2022-05-27 11:06,20200104,20230402,2020_hashimoto_v22,橋本市,CC BY 2.1,http://www.city.hashimoto.lg.jp/material/files/group/67/hashimoto_gtfsjp.zip
松江市コミュニティバス　美保関コミュニティバス,2022-07-04 13:32,20220617,20230630,2022/04/01改正,松江市,CC BY 4.0,http://www.docodemo-bus.net/opendata/mihonoseki.zip
松江市コミュニティバス　忌部コミュニティバス,2022-07-04 13:32,20220606,20230630,2021/04/01改正,松江市,CC BY 4.0,http://www.docodemo-bus.net/opendata/inbe.zip
松江市コミュニティバス　玉湯コミュニティバス,2022-07-04 13:32,20220606,20230630,2021/04/01改正,松江市,CC BY 4.0,http://www.docodemo-bus.net/opendata/tamayu.zip
松江市コミュニティバス　古江コミュニティバス,2022-07-04 13:31,20220606,20230630,2022/04/01改正,松江市,CC BY 4.0,http://www.docodemo-bus.net/opendata/hurue.zip
松江市コミュニティバス　鹿島コミュニティバス,2022-07-04 13:32,20220606,20230630,2022/04/01改正,松江市,CC BY 4.0,http://www.docodemo-bus.net/opendata/kashima.zip
松江市コミュニティバス　宍道コミュニティバス,2022-07-04 13:32,20220606,20230630,2021/04/01改正,松江市,CC BY 4.0,http://www.docodemo-bus.net/opendata/shinji.zip
松江市コミュニティバス　島根コミュニティバス,2022-07-04 13:32,20220610,20230630,2022/04/01改正,松江市,CC BY 4.0,http://www.docodemo-bus.net/opendata/shimane.zip
松江市コミュニティバス　東出雲町コミュニティバス,2022-07-04 13:31,20220624,20230630,2022/04/01改正,松江市,CC BY 4.0,http://www.docodemo-bus.net/opendata/higashi-izumo.zip
松江市コミュニティバス　八雲コミュニティバス,2022-07-04 13:32,20220624,20230630,2022/04/01改正,松江市,CC BY 4.0,http://www.docodemo-bus.net/opendata/yakumo.zip
松江市コミュニティバス　八束コミュニティバス,2022-07-08 10:03,20220617,20230630,2022/04/01改正,松江市,CC BY 4.0,http://www.docodemo-bus.net/opendata/yatsuka.zip
松江市コミュニティバス　本庄・持田コミュニティバス,2022-07-04 13:31,20220606,20230630,2021/04/01改正,松江市,CC BY 4.0,http://www.docodemo-bus.net/opendata/honjomochida.zip
宇野バス（宇野自動車）,2022-08-15 07:20,20220815,20230814,20220701_2022年07月01日（22-07-24 本番） その筋屋 1.592,宇野自動車株式会社,CC 0,http://www3.unobus.co.jp/opendata/GTFS-JP.zip
宇野バス（宇野自動車）（独自拡張版）,2022-08-15 07:21,20220815,20230814,20220701_2022年07月01日（22-07-24 本番） その筋屋 1.592,宇野自動車株式会社,CC 0,http://www3.unobus.co.jp/opendata/GTFS-JP-GYOUMU.zip
下電バス（下津井電鉄）,2022-07-23 09:23,20220723,20230722,20220401_2022年04月01日（本番22-07-23 お盆追加） その筋屋 1.590,下津井電鉄株式会社,CC BY 4.0,http://shimoden.net/busmada/opendata/GTFS-JP.zip
両備バス,,20220401,20221206,20220401_20220904,両備バス,CC BY 4.0,http://loc.bus-vision.jp/gtfs/ryobi/gtfsFeed
岡電バス（岡山電気軌道）,,20220815,20221206,20220815_20220904,岡山電気軌道(バス),CC BY 4.0,http://loc.bus-vision.jp/gtfs/okaden/gtfsFeed
中鉄バス,,20220815,20221206,20220815_20220904,中鉄バス株式会社,CC BY 4.0,http://loc.bus-vision.jp/gtfs/chutetsu/gtfsFeed
赤磐市広域路線バス・市民バス,2022-08-03 18:23,20220803,20230802,20220803_2022年08月03日（赤磐市民バス_和気線修正） その筋屋 1.590,赤磐市,CC 0,https://www.city.akaiwa.lg.jp/material/files/group/5/GTFS.zip
江田島バス（広島県バス協会サイト掲載版）,,,,,株式会社タウンクリエーション,CC 0,https://gtfs-st.busit.jp/api/etajimabus
芸陽バス（広島県バス協会サイト掲載版）,2022-07-08 09:55,20220706,20230706,20220707,芸陽バス,CC 0,https://ajt-mobusta-gtfs.mcapps.jp/static/11/current_data.zip
芸陽バス（サイネージ用）,2022-08-10 16:40,20220901,20230831,20220901_2022年09月01日（畑賀線と吉川線改正★2） その筋屋 1.587,芸陽バス株式会社,CC BY 4.0,http://www.geiyo.co.jp/Unyu/gtfs/GTFS-JPgeiyobus.zip
広電バス（広島電鉄）,2022-04-07 19:24,20220405,20230405,20220405,広島電鉄,CC 0,https://ajt-mobusta-gtfs.mcapps.jp/static/8/current_data.zip
広島バス,2022-04-04 19:29,20220404,20230404,20220404,広島バス,CC 0,https://ajt-mobusta-gtfs.mcapps.jp/static/9/current_data.zip
広島交通・広交観光,2022-04-04 19:51,20220404,20230404,20220404,広島交通,CC 0,https://ajt-mobusta-gtfs.mcapps.jp/static/10/current_data.zip
備北交通,2022-04-07 19:26,20220405,20230405,20220405,備北交通,CC 0,https://ajt-mobusta-gtfs.mcapps.jp/static/12/current_data.zip
中国ジェイアールバス,2022-07-08 09:57,20220706,20230706,20220707,中国ジェイアールバス,CC 0,https://ajt-mobusta-gtfs.mcapps.jp/static/15/current_data.zip
ボン・バス（エイチ・ディー西広島）,2022-07-08 14:14,20220706,20230706,20220706,ボンバス,CC 0,https://ajt-mobusta-gtfs.mcapps.jp/static/13/current_data.zip
フォーブル,2022-03-25 15:52,20220322,20230322,20220322,フォーブル,CC 0,https://ajt-mobusta-gtfs.mcapps.jp/static/14/current_data.zip
おおのハートバス（ささき観光）,2022-04-04 16:20,20220404,20230404,20220404,ささき観光,CC 0,https://ajt-mobusta-gtfs.mcapps.jp/static/17/current_data.zip
呉市　生活バス,2022-07-08 14:11,20220705,20230705,20220705,呉市,CC 0,https://ajt-mobusta-gtfs.mcapps.jp/static/18/current_data.zip
廿日市市　自主運行バス,2022-04-07 19:28,20220405,20230405,20220405,廿日市市,CC 0,https://ajt-mobusta-gtfs.mcapps.jp/static/19/current_data.zip
大竹市　こいこいバス,2022-01-18 09:46,20220113,20230112,20181001_2018年10月01日（こいこいバス） その筋屋 1.550,大竹市,CC BY 4.0,https://hiroshima-opendata.dataeye.jp/resource_download/10045
大竹市　大竹・栗谷線バス,2022-01-18 09:47,20220113,20230112,20180201_2018年02月01日（大竹・栗谷線） その筋屋 1.550,大竹市,CC BY 4.0,https://hiroshima-opendata.dataeye.jp/resource_download/10046
大竹市　坂上線バス,2022-03-22 13:05,20220315,20230314,20191001_2019年10月01日（坂上線） その筋屋 1.560,大竹市,CC BY 4.0,https://hiroshima-opendata.dataeye.jp/resource_download/10047
船鉄バス（船木鉄道）,2022-07-01 11:38,20220701,20230630,20220629_2022年06月29日（バスロケ対応版の初版） その筋屋 1.587,船木鉄道株式会社,CC BY 4.0,http://www.sentetsu.biz-web.jp/GTFS-JP.zip
海陽町営バス,2022-05-10 07:41,20220414,20230331,2021/05/01改正-見える化ver2.6,海陽町,CC BY 4.0,https://opendata.pref.tokushima.lg.jp/dataset/2669/resource/7705/GTFSJP3_kaiyo-town.zip
鳴門市地域バス,2022-05-11 16:33,20220429,20230428,2022/04/29改正-見える化ver2.6,鳴門市,CC BY 4.0,https://opendata.pref.tokushima.lg.jp/dataset/2635/resource/7591/GTFSJP3_naruto-city.zip
鳴門市営渡船,2022-05-11 16:33,20220429,20230331,2022/04/29改正-見える化ver2.6,鳴門市,CC BY 4.0,https://opendata.pref.tokushima.lg.jp/dataset/2635/resource/7592/GTFSJP3_naruto-city_tosen.zip
三好市営バス,2022-04-01 19:52,20220401,20230331,2022/01/04改正-見える化ver2.6,三好市,CC BY 4.0,https://opendata.pref.tokushima.lg.jp/dataset/2643/resource/7636/GTFSJP3_miyoshi-city.zip
神山町営バス,2022-04-22 16:29,20220423,20230331,2019/10/15改正-見える化ver2.6,神山町,CC BY 4.0,https://opendata.pref.tokushima.lg.jp/dataset/2645/resource/7663/GTFSJP3_kamiyama-town.zip
四国交通 （四交）,2022-07-28 11:02,20220728,20230727,20220401_2022年04月01日（改正） その筋屋 1.535,四国交通株式会社,CC BY 4.0,https://yonkoh.co.jp/wp/gtfs/gtfs.zip
徳島市営バス,2022-07-29 16:02,20220401,20230331,20220401_2022年04月01日（交通局_20220728修正）,徳島市交通局,CC BY 4.0,http://www.city.tokushima.tokushima.jp/shisei/open-data/living/gtfs-jp.files/GTFS-JP.zip
松茂町地域コミュニティバス,2022-05-13 20:38,20220501,20230430,2022/05/01改正-見える化ver2.6,松茂町,CC BY 4.0,https://opendata.pref.tokushima.lg.jp/dataset/2672/resource/7710/GTFSJP3_matsushige.zip
東みよし町営バス,2022-03-18 15:40,20220302,20230430,2019/10/01改正-見える化ver2.6,東みよし町,CC BY 4.0,https://opendata.pref.tokushima.lg.jp/dataset/2620/resource/7514/GTFSJP3_Higashimiyoshi-cho.zip
美波町　美波病院連絡バス,2022-03-31 09:17,20220401,20230331,2022/04/01改正-見える化ver2.6,美波町,CC BY 4.0,https://opendata.pref.tokushima.lg.jp/dataset/2636/resource/7593/GTFSJP3_minami-town.zip
つるぎ町コミュニティーバス,2022-03-31 09:47,20220401,20230331,2022/04/01改正,つるぎ町,CC BY 4.0,https://opendata.pref.tokushima.lg.jp/dataset/2637/resource/7594/GTFSJP3_tsurugi-town.zip
吉野川市代替バス,2022-04-01 13:36,20220330,20230331,2021/03/13改正-見える化ver2.6,吉野川市,CC BY 4.0,https://opendata.pref.tokushima.lg.jp/dataset/2638/resource/7596/GTFSJP3_yoshinogawa-city.zip
徳島市　応神ふれあいバス,2022-04-01 13:51,20220317,20230316,2018/10/01改正-見える化ver2.6,徳島市,CC BY 4.0,https://opendata.pref.tokushima.lg.jp/dataset/2640/resource/7598/GTFSJP3_oujin.zip
徳島市　上八万コミュニティバス,2022-05-12 17:53,20220511,20230510,2022/05/01改正-見える化ver2.6,徳島市,CC BY 4.0,https://opendata.pref.tokushima.lg.jp/dataset/2639/resource/7597/GTFSJP3_kamihachiman.zip
上勝町営バス,2022-04-01 19:48,20220401,20230331,2021/04/01改正-見える化ver2.6,上勝町,CC BY 4.0,https://opendata.pref.tokushima.lg.jp/dataset/2642/resource/7635/GTFSJP3_kamikatsu-town.zip
北島町福祉バス,2022-04-01 19:42,20220401,20230331,2021/06/01改正-見える化ver2.6,北島町,CC BY 4.0,https://opendata.pref.tokushima.lg.jp/dataset/2641/resource/7634/GTFSJP3_kitajima-town.zip
那賀町営バス,2022-04-05 10:25,20220405,20230331,2020/10/01改正-見える化ver2.6,那賀町,CC BY 4.0,https://opendata.pref.tokushima.lg.jp/dataset/2644/resource/7643/GTFSJP3_naka-town.zip
徳島バス,2022-08-19 16:17,20220801,20230731,2022/08/01改正,徳島バス,CC BY 4.0,https://opendata.pref.tokushima.lg.jp/dataset/2646/resource/7704/GTFS_tokushimabus.zip
徳島バス南部,2022-04-06 16:52,20220205,20230204,2022/02/01改正-見える化ver2.6,徳島バス南部,CC BY 4.0,https://opendata.pref.tokushima.lg.jp/dataset/2648/resource/7647/GTFSJP3_tokushimabus_nanbu.zip
徳島バス阿南,2022-04-06 16:44,20220407,20230406,2022/04/07改正-見える化ver2.6,徳島バス阿南,CC BY 4.0,https://opendata.pref.tokushima.lg.jp/dataset/2647/resource/7646/GTFSJP3_tokushimabus_anan.zip
阿佐海岸鉄道,2022-04-12 13:51,20220405,20221231,2021/12/25改正-見える化ver2.6,阿佐海岸鉄道株式会社,CC BY 4.0,https://opendata.pref.tokushima.lg.jp/dataset/2652/resource/7651/GTFSJP3_DMV.zip
西讃観光　高松空港リムジンバス,2022-06-01 01:41,20220601,20230531,2022/06/01改正-見える化ver2.6d,西讃観光,CC BY 4.0,https://www.rosenzu.com/~gtfs/seisankanko/seisankanko_GTFS.zip
高松琴平電鉄（ことでん）,2021-12-09 17:09,20211127,20251231,ことでん電車_2021年11月27日改正_志度線ダイヤ改正,高松琴平電気鉄道株式会社,CC BY 4.0,https://www.kotoden.co.jp/publichtm/gtfs/gtfsdata/latest/gtfs_kd.zip
ことでんバス,2022-07-01 17:11,20220701,20220930,ことでんバス_20220701-20220930,ことでんバス株式会社,CC BY 4.0,https://www.kotoden.co.jp/publichtm/gtfs/gtfsdata/latest/gtfs_kb.zip
坂出市営バス,2022-09-04 04:00,20220401,20230331,20210401_2021年04月01日（改正　坂出市営バス） その筋屋 1.580,坂出市政策課公共交通係,CC BY 4.0,https://www.city.sakaide.lg.jp/uploaded/library/sakaide_city_bus.zip
伊予市コミュニティバス「あいくる」,2021-11-30 11:00,20211022,20221021,20210226_2021年02月26日（伊予市） その筋屋 1.462,伊予市,利用制限なし明示,https://www.city.iyo.lg.jp/keizaikoyou/matidukuri/documents/gtfs.zip
宿毛市　はなちゃんバス,,20220502,20230430,2022/05/02改正-見える化ver2.6(電話番号変更),宿毛市,CC BY 4.0,https://www.pref.kochi.lg.jp/opendata/docs/bosai_anzen_machizukuri/file_contents/GTFSJP-Sukumo-Hanachan.zip
宿毛市　沖の島循環バス（ゆるりんバス）,,20220701,20230630,2017/04/01改正-見える化ver2.6-電話番号更新,宿毛市,CC BY 4.0,https://www.pref.kochi.lg.jp/opendata/docs/bosai_anzen_machizukuri/file_contents/GTFSJP-Sukumo-Yururin-Bus.zip
宿毛市　沖の島航路（市営定期船「すくも」）,,20220810,20230811,2020/07/01改正-見える化ver2.6,宿毛市,CC BY 4.0,https://www.pref.kochi.lg.jp/opendata/docs/bosai_anzen_machizukuri/file_contents/GTFSJP-Sukumo-Ferry.zip
土佐清水市　デマンド交通おでかけ号,,20220401,20230331,2022/04/01改正-見える化ver2.6,土佐清水市,CC BY 4.0,https://www.pref.kochi.lg.jp/opendata/docs/bosai_anzen_machizukuri/file_contents/GTFSJP-Tosashimizu-Odekake.zip
四万十市営バス,,20220401,20230331,2022/04/01改正-見える化ver2.6C,四万十市,CC BY 4.0,https://www.pref.kochi.lg.jp/opendata/docs/bosai_anzen_machizukuri/file_contents/GTFSJP-Shimanto-City.zip
四万十市デマンド交通,,20220401,20230331,2014/04/01改正-見える化ver2.6,四万十市,CC BY 4.0,https://www.pref.kochi.lg.jp/opendata/docs/bosai_anzen_machizukuri/file_contents/GTFSJP-Shimanto-City-Demand.zip
三原村　三原バス,,20220502,20230430,2022/05/02改正-見える化ver2.6,三原村,CC BY 4.0,https://www.pref.kochi.lg.jp/opendata/docs/bosai_anzen_machizukuri/file_contents/GTFSJP-Mihara-Miharabus.zip
四万十交通,,20220401,20221031,20220401_2022年04月01日（四万十交通・幹線：夏休み対応） その筋屋 1.585,株式会社四万十交通,CC BY 4.0,https://www.pref.kochi.lg.jp/opendata/docs/bosai_anzen_machizukuri/file_contents/GTFSJP-Shimanto-Traffic_Localbus.zip
四万十交通　川奥～佐賀線,,20220401,20230331,2020/10/01改正-見える化ver2.6,株式会社四万十交通,CC BY 4.0,https://www.pref.kochi.lg.jp/opendata/docs/bosai_anzen_machizukuri/file_contents/GTFSJP-Shimanto-Traffic_Feeder.zip
高知県　県営渡船,,20220711,20230801,2020/09/01改正-見える化ver2.6,高知県,CC BY 4.0,https://www.pref.kochi.lg.jp/opendata/docs/bosai_anzen_machizukuri/file_contents/GTFSJP-Pref-Ferry.zip
中土佐町コミュニティバス,,20220101,20221231,2021/01/12改正-見える化ver2.6,中土佐町,CC BY 4.0,https://www.pref.kochi.lg.jp/opendata/docs/bosai_anzen_machizukuri/file_contents/GTFSJP-Nakatosa-Town.zip
南国市　NACOバス,,20211116,20220930,2021/10/01改正-見える化ver2.6(へんろ石移動a),南国市,CC BY 4.0,https://www.pref.kochi.lg.jp/opendata/docs/bosai_anzen_machizukuri/file_contents/GTFSJP-Nankoku-City.zip
安芸市　元気バス,,20220829,20221015,2022/08/29改正-見える化ver2.6,安芸市,CC BY 4.0,https://www.pref.kochi.lg.jp/opendata/docs/bosai_anzen_machizukuri/file_contents/GTFSJP-Aki-Genkibus.zip
田野町　	たのくるバス,,20221001,20231001,2022/10/01改正-見える化ver2.6d,田野町,CC BY 4.0,https://www.pref.kochi.lg.jp/opendata/docs/bosai_anzen_machizukuri/file_contents/GTFSJP-Tano-Town.zip
高知西南交通　一般路線,,20220801,20230808,20220801_2022年08月01日（路線バス：大蔵移設） その筋屋 1.587,高知西南交通株式会社,CC BY 4.0,https://www.pref.kochi.lg.jp/opendata/docs/bosai_anzen_machizukuri/file_contents/GTFSJP-Seinan-Localbus.zip
高知西南交通　しまんとトロリーバス,,20220401,20230331,20220401_2022年04月01日（トロリーバス：R4年度） その筋屋 1.571,高知西南交通株式会社,CC BY 4.0,https://www.pref.kochi.lg.jp/opendata/docs/bosai_anzen_machizukuri/file_contents/GTFSJP-Seinan-Trolleybus.zip
高知西南交通　しまんと・あしずり号,,20220401,20230331,20220401_2022年04月01日（しまんと・あしずり号：R4年度） その筋屋 1.571,高知西南交通株式会社,CC BY 4.0,https://www.pref.kochi.lg.jp/opendata/docs/bosai_anzen_machizukuri/file_contents/GTFSJP-Seinan-Shimaashi.zip
高知西南交通　四万十川バス,,20220401,20230331,20220401_2022年04月01日（四万十川バス：R4年度） その筋屋 1.571,高知西南交通株式会社,CC BY 4.0,https://www.pref.kochi.lg.jp/opendata/docs/bosai_anzen_machizukuri/file_contents/GTFSJP-Seinan-Riverbus.zip
高知西南交通　高速バス（しまんとブルーライナー、しまんとエクスプレス）,,20220701,20230630,20220701_2022年07月01日（高速バス：運賃改正） その筋屋 1.587,高知西南交通株式会社,CC BY 4.0,https://www.pref.kochi.lg.jp/opendata/docs/bosai_anzen_machizukuri/file_contents/GTFSJP-Seinan-Expressbus.zip
須崎市営バス,,20220301,20230331,2020/11/01改正,須崎市,CC BY 4.0,https://www.pref.kochi.lg.jp/opendata/docs/bosai_anzen_machizukuri/file_contents/GTFSJP-Susaki-Bus.zip
須崎市営巡航船,,20220101,20230104,2020/11/01改正-見える化ver2.6,須崎市,CC BY 4.0,https://www.pref.kochi.lg.jp/opendata/docs/bosai_anzen_machizukuri/file_contents/GTFSJP-Susaki-Ferry.zip
高知高陵交通（須崎市周辺路線）,,20211213,20221212,20210112_2021年01月12日（須崎：行先表示見直し） その筋屋 1.587,高知高陵交通株式会社,CC BY 4.0,https://www.pref.kochi.lg.jp/opendata/docs/bosai_anzen_machizukuri/file_contents/GTFSJP-Koryo-Traffic_Susaki.zip
高知高陵交通（梼原町路線）,,20211015,20221031,2022年7月1日（梼原：夏休み対応） その筋屋 1.585,高知高陵交通株式会社,CC BY 4.0,https://www.pref.kochi.lg.jp/opendata/docs/bosai_anzen_machizukuri/file_contents/GTFSJP-Koryo-Traffic_Yusuhara.zip
黒岩観光バス,,20220312,20230331,20220312_2022年03月12日（夏休み対応） その筋屋 1.580,有限会社黒岩観光,CC BY 4.0,https://www.pref.kochi.lg.jp/opendata/docs/bosai_anzen_machizukuri/file_contents/GTFSJP-Kuroiwa-Localbus.zip
嶺北観光自動車,,20221001,20230930,20221001_2022年10月01日（嶺観：2022秋改正） その筋屋 1.595,有限会社嶺北観光自動車,CC BY 4.0,https://www.pref.kochi.lg.jp/opendata/docs/bosai_anzen_machizukuri/file_contents/GTFSJP-Reihoku-Kanko_Localbus.zip
四万十町コミュニティバス,,20220401,20220930,2022/04/01改正-見える化ver2.6_3路線改正,四万十町,CC BY 4.0,https://www.pref.kochi.lg.jp/opendata/docs/bosai_anzen_machizukuri/file_contents/GTFSJP-Shimanto-Town.zip
津野町　つのバス,,20210401,20220930,2021/04/01改正-見える化ver2.6,津野町,CC BY 4.0,https://www.pref.kochi.lg.jp/opendata/docs/bosai_anzen_machizukuri/file_contents/GTFSJP-Tsuno-Town.zip
高知東部交通,,20220712,20230711,20220601_2022年06月01日（現行） その筋屋 1.584,高知東部交通株式会社,CC BY 4.0,https://www.pref.kochi.lg.jp/opendata/docs/bosai_anzen_machizukuri/file_contents/GTFSJP-Tobu-Traffic_Localbus.zip
土佐市　ドラゴンバス,,20220401,20230331,2019年10月01日ドラゴンバス-2022年度年次更新,土佐市,CC BY 4.0,https://www.pref.kochi.lg.jp/opendata/docs/bosai_anzen_machizukuri/file_contents/GTFSJP-Tosa-City-Dragonbus.zip
県交北部交通,,20220312,20231020,20201001_2020年10月01日（[北部交通]初版-運賃修正） その筋屋 1.561,株式会社県交北部交通,CC BY 4.0,https://www.pref.kochi.lg.jp/opendata/docs/bosai_anzen_machizukuri/file_contents/GTFSJP-Hokubu-Traffic_Localbus.zip
JR四国バス（高知支店）　大栃線,,20211001,20220930,20211001_2021年10月01日（20211001改正） その筋屋 1.527,ジェイアール四国バス株式会社,CC BY 4.0,https://www.pref.kochi.lg.jp/opendata/docs/bosai_anzen_machizukuri/file_contents/GTFSJP-JRbus_Localbus.zip
高知観光コンベンション協会　MY遊バス,,20220401,20230331,20220401_2022年04月01日（[MY遊バス]R4改正） その筋屋 1.571,公益財団法人高知県観光コンベンション協会,CC BY 4.0,https://www.pref.kochi.lg.jp/opendata/docs/bosai_anzen_machizukuri/file_contents/GTFSJP-KVCA_MY-YUbus.zip
芸西村　おでかけバス,,20220401,20230331,2022/04/01改正-見える化ver2.6,芸西村,CC BY 4.0,https://www.pref.kochi.lg.jp/opendata/docs/bosai_anzen_machizukuri/file_contents/GTFSJP-Geisei-Village.zip
室戸市コミュニティバス,,20220601,20220930,2022/06/01改正-見える化ver2.6,室戸市,CC BY 4.0,https://www.pref.kochi.lg.jp/opendata/docs/bosai_anzen_machizukuri/file_contents/GTFSJP-Muroto-City.zip
高知駅バスターミナル、はりまや橋観光バスターミナル,,,,,,CC BY 4.0,https://www.pref.kochi.lg.jp/opendata/docs/bosai_anzen_machizukuri/file_contents/GTFS-Kochi-BusTerminal.zip
香南市営バス,,20220401,20230331,2022/04/01改正-見える化ver2.6,香南市,CC BY 4.0,https://www.pref.kochi.lg.jp/opendata/docs/bosai_anzen_machizukuri/file_contents/GTFSJP-Konan-City.zip
安田町　やすら号（東谷線、東島線）,,20220401,20230331,2022/04/01改正-見える化ver2.6,安田町,CC BY 4.0,https://www.pref.kochi.lg.jp/opendata/docs/bosai_anzen_machizukuri/file_contents/GTFSJP-Yasuda-Town.zip
福岡市営渡船,2022-03-10 13:48,,,,福岡市港湾空港局客船事務所,CC BY 2.1,https://www.city.fukuoka.lg.jp/data/open/cnt/3/59675/1/fukuokasiei_tosen_GTFSfeeds.zip
糸島市営渡船ひめしま,2021-08-26 14:14,,,,糸島市企画部地域振興課,CC BY 4.0,https://data.bodik.jp/dataset/2a380e2b-f584-425b-9385-24926b328296/resource/53252038-b26e-49c1-9de1-1fec6811e01a/download/402303tosengtfs.zip
北九州市　おでかけ交通・八幡東区田代・河内地区,2020-03-10 09:13,20200305,20210304,20200212_2020年02月12日（Ver2.1第一交通　田代・河内）,株式会社第一交通,CC BY 2.1,https://ckan.open-governmentdata.org/dataset/42e62bc8-cfe8-4f66-9e89-decffff56f23/resource/41dfa7d1-cb07-47b4-b509-5fcbe5c79765/download/401005_odekakekotsugtfs_tashirokawachi.zip
北九州市　おでかけ交通・八幡東区枝光地区,2020-01-23 15:51,20200123,20210121,20200122_2020年01月22日（ver3.1：直通無し光タクシー　枝光）,株式会社光タクシー,CC BY 2.1,https://ckan.open-governmentdata.org/dataset/468dc771-10a2-4bab-aad2-191b0fdaffa0/resource/bdbf46fd-870b-4064-9e7f-7bcedf97b526/download/401005_odekakekotsugtfs_edamitsu.zip
北九州市　おでかけ交通・門司区恒見・喜多久地区,2019-11-06 16:06,20190301,20200630,20190924,北九州市,CC BY 2.1,https://ckan.open-governmentdata.org/dataset/6d387baa-dcfd-431d-a229-13b8670e07bf/resource/eaa79093-a1f8-4dbe-9bfd-ca7183419c72/download/401005_odekakekotsugtfs_tsunemikitaku.zip
北九州市　おでかけ交通・小倉南区平尾台地区,2019-11-06 15:47,20190301,20200630,20190924,北九州市,CC BY 2.1,https://ckan.open-governmentdata.org/dataset/6d3d2393-ed7b-46eb-9340-dfb45ffc279d/resource/7ea49d9e-be72-4e86-849e-d160ae45bd3c/download/401005_odekakekotsugtfs_hiraodai.zip
北九州市　おでかけ交通・八幡東区大蔵地区,2020-01-23 15:52,20200123,20210121,20190701_2019年07月01日（Ver2南國興業 大蔵）,南国興業,CC BY 2.1,https://ckan.open-governmentdata.org/dataset/950b03df-5142-4f34-b976-43dad98a9540/resource/91059af4-fc56-45e1-8ecd-fd4bcb5e2df1/download/401005_odekakekotsugtfs_okura.zip
北九州市　おでかけ交通・小倉南区合馬・道原地区,2019-11-06 15:44,20190301,20200630,20190924,北九州市,CC BY 2.1,https://ckan.open-governmentdata.org/dataset/ccbc3e6b-d85f-4541-8d6f-2c40d065f836/resource/8d32347f-00a4-497c-b88e-51f413b4b49e/download/401005_odekakekotsugtfs_omadobaru.zip
北九州市　おでかけ交通・八幡西区木屋瀬・楠橋・星ヶ丘地区,2019-12-23 10:26,20191023,20201022,20181201_2018年12月01日（第一観光バス）,第一観光株式会社,CC BY 2.1,https://ckan.open-governmentdata.org/dataset/e3689c3c-d7e4-40a8-9d21-89aa95311bb8/resource/6185c93d-76cd-4287-a306-428216f7a285/download/401005_odekakekotsugtfs_koyanosekusubashihoshigaoka.zip
宮若市・飯塚市共同運行コミュニティバス,2021-04-20 09:35,20201001,20211130,20201001,飯塚市,CC BY 4.0,https://data.bodik.jp/dataset/341b6046-0030-4a78-a54d-87b1a1335563/resource/5627c6c0-533f-4d4a-926d-a60ec5c9d139/download/27miyawakaiizuka_gtfs-jp.zip
苅田町コミュニティバス,2022-03-14 13:04,20210601,20230331,20210601,福岡県京都郡苅田町,CC BY 4.0,https://data.bodik.jp/dataset/6d93f594-6b28-417b-a1df-931e93690a78/resource/6a0eaa15-185b-4156-8b98-9b680a65ad93/download/current_gtfs.zip
佐賀県内バス路線,2022-09-04 03:04,20220901,20230901,20220901-1-88-3-24-4-16-81-7-89-5,佐賀県,CC BY 4.0,http://opendata.sagabus.info/saga-current.zip
三池島原ライン,2022-02-16 18:02,,,,やまさ海運株式会社,CC BY 4.0,https://data.bodik.jp/dataset/2b03e4b2-83a1-4c53-b884-22c05e53da9a/resource/ea3aa42e-f03f-471b-850a-daa87c07e61b/download/miike-shimabara.zip
軍艦島上陸周遊クルーズ,,,,,,CC BY 4.0,https://data.bodik.jp/dataset/c507ab86-fa09-4ee6-91cd-d0a865a31229/resource/54ebdbe4-63ae-4f04-b2a3-094f9a04aee0/download/gunkanjima.zip
五島産業汽船 鯛ノ浦～長崎航路,2022-02-16 18:03,20190301,20200228,0.1,五島産業汽船株式会社,CC BY 4.0,https://data.bodik.jp/dataset/80da3e1f-5e26-4b85-a9f1-61fa560b91b1/resource/5acda669-d9be-4610-9df0-0d82a098b579/download/tainoura-nagasaki_gtfs.zip
九州産交バス・産交バス,,20220904,20221206,20220904_20220904,九州産交バス,CC BY 4.0,http://km.bus-vision.jp/gtfs/sankobus/gtfsFeed
熊本電鉄バス,,20220806,20221206,20220806_20220904,熊本電鉄バス,CC BY 4.0,http://km.bus-vision.jp/gtfs/dentetsu/gtfsFeed
熊本バス,,20220829,20221206,20220829_20220904,熊本バス,CC BY 4.0,http://km.bus-vision.jp/gtfs/kumabus/gtfsFeed
熊本都市バス,,20220725,20221206,20220725_20220904,熊本都市バス,CC BY 4.0,http://km.bus-vision.jp/gtfs/toshibus/gtfsFeed
中津市コミュニティバス,2021-08-24 09:20,20210401,20230331,,中津市,CC BY 4.0,https://www.city-nakatsu.jp/doc/2019072300060/file_contents/GTFS_Nakatsu_city.zip
中津市コミュニティバス　中津地域　三保線,2021-08-24 09:20,20210401,20240331,,中津市,CC BY 4.0,https://www.city-nakatsu.jp/doc/2019072300060/file_contents/M1_Miho.zip
中津市コミュニティバス　中津地域　豊前・中津線,2021-08-24 09:20,20200401,20240331,,中津市,CC BY 4.0,https://www.city-nakatsu.jp/doc/2019072300060/file_contents/B01_Buzen_Nakatsu.zip
中津市コミュニティバス　本耶馬渓地域　屋形コース,2021-08-24 09:20,20201001,20240331,,中津市,CC BY 4.0,https://www.city-nakatsu.jp/doc/2019072300060/file_contents/HYYakata.zip
中津市コミュニティバス　本耶馬渓地域　東谷コース,2021-08-24 09:20,20201001,20240331,,中津市,CC BY 4.0,https://www.city-nakatsu.jp/doc/2019072300060/file_contents/HEHigashitani.zip
中津市コミュニティバス　本耶馬渓地域　西谷コース,2021-08-24 09:20,20201001,20240331,,中津市,CC BY 4.0,https://www.city-nakatsu.jp/doc/2019072300060/file_contents/HWNishitani.zip
中津市コミュニティバス　耶馬溪地域　川原口線,2021-08-24 09:20,20190401,20200331,,中津市,CC BY 4.0,https://www.city-nakatsu.jp/doc/2019072300060/file_contents/Y010_Kawaraguchi.zip
中津市コミュニティバス　耶馬溪地域　樋山路鎌城線（樋山路行）,2021-08-24 09:20,20190401,20200331,,中津市,CC BY 4.0,https://www.city-nakatsu.jp/doc/2019072300060/file_contents/Y031_Hiyamaji_Kamagi_for_Hiyamaji.zip
中津市コミュニティバス　耶馬溪地域　樋山路鎌城線（鎌城行）,2021-08-24 09:20,20190401,20200331,,中津市,CC BY 4.0,https://www.city-nakatsu.jp/doc/2019072300060/file_contents/Y032_Hiyamaji_Kamagi_for_Kamagi.zip
中津市コミュニティバス　耶馬溪地域　深耶馬東線,2021-08-24 09:20,20201001,20240331,,中津市,CC BY 4.0,https://www.city-nakatsu.jp/doc/2019072300060/file_contents/YSW1_Shinyabahigashi.zip
中津市コミュニティバス　耶馬溪地域　深耶馬西線,2021-08-24 09:20,20190401,20200331,,中津市,CC BY 4.0,https://www.city-nakatsu.jp/doc/2019072300060/file_contents/Y080_Shin-Yaba_West.zip
中津市コミュニティバス　耶馬溪地域　上ノ川内柾木線（柾木行）,2021-08-24 09:20,20190401,20200331,,中津市,CC BY 4.0,https://www.city-nakatsu.jp/doc/2019072300060/file_contents/Y021_Kaminogouchi_Masaki_for_Masaki.zip
中津市コミュニティバス　耶馬溪地域　上ノ川内柾木線（上ノ川内行）,2021-08-24 09:20,20190401,20200331,,中津市,CC BY 4.0,https://www.city-nakatsu.jp/doc/2019072300060/file_contents/Y022_Kaminogouchi_Masaki_for_Kaminogouchi.zip
中津市コミュニティバス　耶馬溪地域　大島台金吉線（金吉行）,2021-08-24 09:20,20190401,20200331,,中津市,CC BY 4.0,https://www.city-nakatsu.jp/doc/2019072300060/file_contents/Y051_Ohshimadai_Kanayoshi_for_Kanayoshi.zip
中津市コミュニティバス　耶馬溪地域　大島台金吉線（大島台行）,2021-08-24 09:20,20190401,20200331,,中津市,CC BY 4.0,https://www.city-nakatsu.jp/doc/2019072300060/file_contents/Y052_Ohshimadai_Kanayoshi_for_Ohshimadai.zip
中津市コミュニティバス　耶馬溪地域　大島伊福線,2021-08-24 09:20,20190401,20200331,,中津市,CC BY 4.0,https://www.city-nakatsu.jp/doc/2019072300060/file_contents/Y060_Ohshima_Ifuku.zip
中津市コミュニティバス　耶馬溪地域　山移北線,2021-08-24 09:20,20190401,20200331,,中津市,CC BY 4.0,https://www.city-nakatsu.jp/doc/2019072300060/file_contents/Y090_Yamautsuri_North.zip
中津市コミュニティバス　耶馬溪地域　山移南線,2021-08-24 09:20,20190401,20200331,,中津市,CC BY 4.0,https://www.city-nakatsu.jp/doc/2019072300060/file_contents/Y100_Yamautsuri_South.zip
中津市コミュニティバス　耶馬溪地域　津民線,2021-08-24 09:20,20190401,20200331,,中津市,CC BY 4.0,https://www.city-nakatsu.jp/doc/2019072300060/file_contents/Y110_Tsutami.zip
中津市コミュニティバス　耶馬溪地域　裏耶馬渓線（柿坂行）,2021-08-24 09:20,20190401,20200331,,中津市,CC BY 4.0,https://www.city-nakatsu.jp/doc/2019072300060/file_contents/Y121_Urayabakei_for_Kakisaka.zip
中津市コミュニティバス　耶馬溪地域　裏耶馬渓線（樋山路行）,2021-08-24 09:20,20190401,20200331,,中津市,CC BY 4.0,https://www.city-nakatsu.jp/doc/2019072300060/file_contents/Y122_Urayabakei_for_Hiyamaji.zip
中津市コミュニティバス　山国地域　槻木線,2021-08-24 09:20,20190401,20200331,,中津市,CC BY 4.0,https://www.city-nakatsu.jp/doc/2019072300060/file_contents/YK01_Tsukinoki.zip
中津市コミュニティバス　山国地域　所小野線,2021-08-24 09:20,20190401,20200331,,中津市,CC BY 4.0,https://www.city-nakatsu.jp/doc/2019072300060/file_contents/YK02_Tokoro-ono.zip
中津市コミュニティバス　山国地域　市平・奥谷線,2021-08-24 09:20,20190401,20200331,,中津市,CC BY 4.0,https://www.city-nakatsu.jp/doc/2019072300060/file_contents/YK03_Ichibira_Okudani.zip
中津市コミュニティバス　山国地域　長尾野線,2021-08-24 09:20,20190401,20200331,,中津市,CC BY 4.0,https://www.city-nakatsu.jp/doc/2019072300060/file_contents/YK04_Nagaono.zip
中津市コミュニティバス　山国地域　フケ原・大石峠線,2021-08-24 09:20,20190401,20200331,,中津市,CC BY 4.0,https://www.city-nakatsu.jp/doc/2019072300060/file_contents/YK05_Fukebaru_Ohishitohge.zip
中津市コミュニティバス　山国地域　両宮線,2021-08-24 09:20,20190401,20200331,,中津市,CC BY 4.0,https://www.city-nakatsu.jp/doc/2019072300060/file_contents/YK06_Moromiya.zip
中津市コミュニティバス　三光地域　西秣線（長谷寺行）,2021-08-24 09:20,20201001,20240331,,中津市,CC BY 4.0,https://www.city-nakatsu.jp/doc/2019072300060/file_contents/SNH01_Chokokuji.zip
中津市コミュニティバス　三光地域　西秣線（西秣公民館行）,2021-08-24 09:20,20201001,20240331,,中津市,CC BY 4.0,https://www.city-nakatsu.jp/doc/2019072300060/file_contents/SNN01_Nishimagusakouminkan.zip
中津市コミュニティバス　耶馬溪地域　城井線,2021-08-24 09:20,20190401,20200331,,中津市,CC BY 4.0,https://www.city-nakatsu.jp/doc/2019072300060/file_contents/YKK1_Kii.zip
マルエーフェリー　鹿児島航路　フェリーあけぼの,,,,,,CC BY 4.0,https://api3.ottop.org/download/gtfs/ooXuXei4op7y/5340001010554
マリックスライン　クイーンコーラルプラス・クイーンコーラル８,,,,,,CC BY 4.0,https://api3.ottop.org/download/gtfs/ooXuXei4op7y/9340001004024
鹿児島市営バス,2022-08-02 10:00,20220801,20230331,20220801_01,鹿児島市交通局(バス),CC BY 4.0,https://www.city.kagoshima.lg.jp/ict/documents/bus-kagoshimacity-kagoshima-jp.zip
やんばる急行バス,2022-07-06 13:02,20220608,20230607,七月ダイヤ改正（四島線期間限定増便・運賃改定）,やんばる急行バス,CC BY 4.0,https://yanbaru-expressbus.com/wp-content/themes/ykb/download/gtfs/statics.zip
やんばる急行バス（OTTOP掲載版）,,,,,,CC BY 4.0,https://api3.ottop.org/download/gtfs/ooXuXei4op7y/1360003007856
沖縄エアポートシャトルLLP,,,,,,CC BY 4.0,https://api3.ottop.org/download/gtfs/ooXuXei4op7y/360005005779
与那国生活路線バス,,,,,,CC BY 4.0,https://api3.ottop.org/download/gtfs/ooXuXei4op7y/7000020473821
中央交通（宮古島営業所）,,,,,,CC BY 4.0,https://api3.ottop.org/download/gtfs/ooXuXei4op7y/7360001012745
八重山観光フェリー,,,,,,CC BY 4.0,https://api3.ottop.org/download/gtfs/ooXuXei4op7y/6360001013190
合名会社大神海運,,,,,,CC BY 4.0,https://api3.ottop.org/download/gtfs/ooXuXei4op7y/6360003005178
多良間村有償バス,,,,,,CC BY 4.0,https://api3.ottop.org/download/gtfs/ooXuXei4op7y/4000020473758
多良間海運,,,,,,CC BY 4.0,https://api3.ottop.org/download/gtfs/ooXuXei4op7y/2360003005256
宮古協栄バス,,,,,,CC BY 4.0,https://api3.ottop.org/download/gtfs/ooXuXei4op7y/7360003005301
カリー観光,,,,,,CC BY 4.0,https://api3.ottop.org/download/gtfs/ooXuXei4op7y/3360002008754
東バス（東運輸）,,,,,,CC BY 4.0,https://api3.ottop.org/download/gtfs/ooXuXei4op7y/9360001013023
由布島　水牛車,,,,,,CC BY 4.0,https://api3.ottop.org/download/gtfs/ooXuXei4op7y/9360001013238
福山海運,,,,,,CC BY 4.0,https://api3.ottop.org/download/gtfs/ooXuXei4op7y/5360003005096
船浮海運,,,,,,CC BY 4.0,https://api3.ottop.org/download/gtfs/ooXuXei4op7y/1360002020959
西表島交通,,,,,,CC BY 4.0,https://api3.ottop.org/download/gtfs/ooXuXei4op7y/2360001013046
安栄観光,,,,,,CC BY 4.0,https://api3.ottop.org/download/gtfs/ooXuXei4op7y/4360002020964
八千代バス・タクシー,,,,,,CC BY 4.0,https://api3.ottop.org/download/gtfs/ooXuXei4op7y/5360001014132
共和バス,,,,,,CC BY 4.0,https://api3.ottop.org/download/gtfs/ooXuXei4op7y/9360003005217
浦内川観光,,,,,,CC BY 4.0,https://api3.ottop.org/download/gtfs/ooXuXei4op7y/1360003005018
平安座総合開発,,,,,,CC BY 4.0,https://api3.ottop.org/download/gtfs/ooXuXei4op7y/1360001007585
伊是名村　フェリーいぜな尚円,,,,,,CC BY 4.0,https://api3.ottop.org/download/gtfs/ooXuXei4op7y/5000020473600
南城市　Nバス,,,,,,CC BY 4.0,https://api3.ottop.org/download/gtfs/ooXuXei4op7y/3000020472158
国頭村　村営バス,,,,,,CC BY 4.0,https://api3.ottop.org/download/gtfs/ooXuXei4op7y/5000020473014
東村コミュニティバス,,,,,,CC BY 4.0,https://api3.ottop.org/download/gtfs/ooXuXei4op7y/4000020473031
北中城村　グスクめぐりん（観光周遊バス実証実験）,,,,,,CC BY 4.0,https://api3.ottop.org/download/gtfs/ooXuXei4op7y/5000020473278
伊平屋村コミュニティバス・フェリーいへや,,,,,,CC BY 4.0,https://api3.ottop.org/download/gtfs/ooXuXei4op7y/9000020473596
読谷村コミュニティバス（鳳バス）,,,,,,CC BY 4.0,https://api3.ottop.org/download/gtfs/ooXuXei4op7y/7000020473243
中城村　護佐丸バス,,,,,,CC BY 4.0,https://api3.ottop.org/download/gtfs/ooXuXei4op7y/5000020473286
久米島町　町営バス,,,,,,CC BY 4.0,https://api3.ottop.org/download/gtfs/ooXuXei4op7y/4000020473618
東陽バス,,,,,,CC BY 4.0,https://api3.ottop.org/download/gtfs/ooXuXei4op7y/2360001015810
沖縄市循環バス,,,,,,CC BY 4.0,https://api3.ottop.org/download/gtfs/ooXuXei4op7y/5000020472115
座間味村　クイーンざまみ・フェリーざまみ・村営バス,,,,,,CC BY 4.0,https://api3.ottop.org/download/gtfs/ooXuXei4op7y/2000020473545
渡嘉敷村　フェリーとかしき・マリンライナーとかしき,,,,,,CC BY 4.0,https://api3.ottop.org/download/gtfs/ooXuXei4op7y/2000020473537
粟国村　フェリー粟国・コミュニティバス アニー号,,,,,,CC BY 4.0,https://api3.ottop.org/download/gtfs/ooXuXei4op7y/2000020473553
糸満市　いとちゃんmini国吉線（定期運行）,,,,,,CC BY 4.0,https://api3.ottop.org/download/gtfs/ooXuXei4op7y/5000020472107
沖縄バス,,,,,,CC BY 4.0,https://api3.ottop.org/download/gtfs/ooXuXei4op7y/2360001000457
伊江島観光バス,,,,,,CC BY 4.0,https://api3.ottop.org/download/gtfs/ooXuXei4op7y/7360001012407
水納海運,,,,,,CC BY 4.0,https://api3.ottop.org/download/gtfs/ooXuXei4op7y/8360003004772
とかしき観光バス,,,,,,CC BY 4.0,https://api3.ottop.org/download/gtfs/ooXuXei4op7y/1360003002626
久高島フェリー（久高海運）,,,,,,CC BY 4.0,https://api3.ottop.org/download/gtfs/ooXuXei4op7y/2360003002575
久米商船,,,,,,CC BY 4.0,https://api3.ottop.org/download/gtfs/ooXuXei4op7y/4360001000835
伊江村　カーフェリー（いえしま・ぐすく）,,,,,,CC BY 4.0,https://api3.ottop.org/download/gtfs/ooXuXei4op7y/5000020473154
ゆいレール（沖縄都市モノレール）,,,,,,CC BY 4.0,https://api3.ottop.org/download/gtfs/ooXuXei4op7y/4360001000447
第一マリンサービス,,,,,,CC BY 4.0,https://api3.ottop.org/download/gtfs/ooXuXei4op7y/5290801024676
東京バス（沖縄営業所）,,,,,,CC BY 4.0,https://api3.ottop.org/download/gtfs/ooXuXei4op7y/7011501003070
神谷観光　フェリーくがに・高速船ニューくがに,,,,,,CC BY 4.0,https://api3.ottop.org/download/gtfs/ooXuXei4op7y/6360002013009
うるま市公共施設間連絡バス（実証運行）,,,,,,CC BY 4.0,https://api3.ottop.org/download/gtfs/ooXuXei4op7y/5000020472131
